path	line_no	text
============================================================
DONE
============================================================
FINAL_STATUS=FAIL_AIW_HELPDESK_API_SOURCE_INVENTORY
REPORT=/data/data/com.termux/files/home/01.civilization-system/11.aiworker-os/helpdesk-knowledge-db/900.meta/20260517_142101_aiworker_helpdesk_api_source_inventory_no_patch/000_AIW_HELPDESK_API_SOURCE_INVENTORY_REPORT.md
============================================================
============================================================
DONE
============================================================
FINAL_STATUS=FAIL_AIW_HELPDESK_API_SOURCE_INVENTORY
REPORT=/data/data/com.termux/files/home/01.civilization-system/11.aiworker-os/helpdesk-knowledge-db/900.meta/20260517_142101_aiworker_helpdesk_api_source_inventory_no_patch/000_AIW_HELPDESK_API_SOURCE_INVENTORY_REPORT.md
============================================================
