line	category	score	text
2880	side_effect,control	6	if (!selected || !selected.text) return deliverable;
2882	side_effect	5	const merged = clonePlain(isObject(deliverable) ? deliverable : {});
2883	runtime_var	2	merged.bodyMarkdown = selected.text;
2884	runtime_var	2	merged.body_markdown = selected.text;
2885	runtime_var	2	merged.output_body_ja = selected.text;
2886	runtime_var	2	merged.aiw_b6r97r43_body_source_path = selected.path;
2888	side_effect	5	function patchArtifactArray(value) {
2889	control	1	if (!Array.isArray(value)) return value;
2891	side_effect	5	return value.map((artifact) => {
2892	side_effect,control	6	if (!isObject(artifact)) return artifact;
2894	side_effect	5	const fileName = artifact.file_name || artifact.filename || artifact.name || "";
2895	side_effect	5	const kind = artifact.kind || artifact.artifact_kind_code || "";
2896	side_effect	5	const title = artifact.title || "";
2899	side_effect	5	fileName === "01_main_deliverable.md" ||
2900	side_effect	5	kind === "main_deliverable" ||
2903	side_effect,control	6	if (!isMain) return artifact;
2905	response	4	return {
2906	side_effect	5	...artifact,
2907	side_effect	5	file_name: fileName || "01_main_deliverable.md",
2908	side_effect	5	kind: artifact.kind || "main_deliverable",
2909	side_effect	5	artifact_kind_code: artifact.artifact_kind_code || "main_deliverable",
2910	runtime_var	2	bodyMarkdown: selected.text,
2911	runtime_var	2	body_markdown: selected.text,
2913	runtime_var	2	aiw_b6r97r43_body_source_path: selected.path
2918	side_effect	5	merged.generatedArtifacts = patchArtifactArray(merged.generatedArtifacts);
2919	side_effect	5	merged.generated_artifacts = patchArtifactArray(merged.generated_artifacts);
2923	runtime_var,side_effect	7	/* AIWORKEROS_B6R97R43_CREATE_ZIP_PROVIDED_BODY_PRIORITY_END */
2925	runtime_var,side_effect	7	function aiwB6R95R3D1CreateZipAndAttach(responsePayload, deliverable) {
2929	runtime_var	2	const response = responsePayload && typeof responsePayload === "object" ? responsePayload : {};
2930	runtime_var,side_effect	7	const packageMeta = deliverable?.deliverablePackage || aiwB6R95R3D1BuildZipPackageMeta("requester", "deliverables");
2931	runtime_var,side_effect	7	const generatedArtifacts = aiwB6R95R3D1BuildGeneratedArtifacts(aiwB6R97R43MergeProvidedBodyIntoDeliverable(deliverable, ...arguments, deliverable));
2933	side_effect	5	const zipDir = process.env.AIWORKEROS_DELIVERABLE_ZIP_DIR || path.join(process.cwd(), "runtime-deliverable-zips");
2934	side_effect	5	fs.mkdirSync(zipDir, { recursive: true });
2936	side_effect	5	const fileName = aiwB6R95R3D1SafeFilePart(packageMeta.file_name, "deliverables.zip").endsWith(".zip")
2937	side_effect	5	? aiwB6R95R3D1SafeFilePart(packageMeta.file_name, "deliverables.zip")
2938	side_effect	5	: `${aiwB6R95R3D1SafeFilePart(packageMeta.file_name, "deliverables")}.zip`;
2939	side_effect	5	const zipPath = path.join(zipDir, fileName);
2941	side_effect	5	// AIWORKEROS_B6R95R3F_ZIP_LINK_ACTUAL_FILE_FIX
2942	side_effect	5	// Keep the returned zip link aligned with the actual sanitized filename written to disk.
2943	side_effect	5	const actualZipLink = `aiworkeros://runtime-deliverable-zip/${fileName}`;
2944	side_effect	5	const actualZipRef = Object.assign({}, packageMeta.zip_ref || {}, {
2945	runtime_var,side_effect	7	source: "aiworkeros",
2946	side_effect	5	storage_code: "runtime-deliverable-zip",
2950	side_effect	5	const summaryText = response.deliverable?.summary_text || deliverable?.summaryText || "";
2953	runtime_var,side_effect	7	contract_name: "aiworkeros_common_requester_multi_artifact_zip_contract",
2954	side_effect	5	package_purpose: "bundle_generated_artifacts_for_single_download",
2955	runtime_var	2	request_id: response.request_id || null,
2957	side_effect	5	deliverable_title: response.deliverable?.title || deliverable?.outputTitle || "成果物",
2958	side_effect	5	summary_text: summaryText,
2959	side_effect	5	artifact_count: generatedArtifacts.length,
2960	side_effect	5	generated_artifacts: generatedArtifacts.map((artifact) => ({
2961	side_effect	5	artifact_no: artifact.artifact_no,
2962	side_effect	5	artifact_kind_code: artifact.artifact_kind_code,
2963	side_effect	5	title: artifact.title,
2964	side_effect	5	file_name: artifact.file_name,
2965	runtime_var,side_effect	7	body_format: artifact.body_format
2967	side_effect	5	deliverable_ref: response.deliverable_ref || null,
2968	side_effect	5	robot_context: response.robot_context || deliverable?.robotContext || null,
2969	side_effect	5	generation_basis: response.generation_basis || deliverable?.generationBasis || null,
2976	side_effect	5	...generatedArtifacts.map((artifact) => ({
2977	side_effect	5	name: artifact.file_name,
2978	runtime_var,side_effect	7	content: artifact.body_markdown
2983	side_effect	5	const zipBuffer = aiwB6R95R3D1ZipStored(entries);
2984	side_effect	5	fs.writeFileSync(zipPath, zipBuffer);
2985	side_effect	5	const stat = fs.statSync(zipPath);
2987	side_effect	5	const zipPublic = {
2989	side_effect	5	package_format: "zip",
2990	side_effect	5	mime_type: "application/zip",
2991	side_effect	5	zip_id: packageMeta.zip_id,
2993	side_effect	5	zip_link: actualZipLink,
2994	side_effect	5	zip_ref: actualZipRef,
2997	side_effect	5	artifact_count: generatedArtifacts.length,
3001	side_effect	5	response.generated_artifacts = generatedArtifacts.map((artifact) => ({
3002	side_effect	5	artifact_no: artifact.artifact_no,
3003	side_effect	5	artifact_kind_code: artifact.artifact_kind_code,
3004	side_effect	5	title: artifact.title,
3005	side_effect	5	file_name: artifact.file_name,
3006	runtime_var,side_effect	7	body_format: artifact.body_format
3008	side_effect	5	response.deliverable_package = zipPublic;
3009	side_effect	5	response.deliverable_zip_ref = actualZipRef;
3010	side_effect	5	response.deliverable_link = actualZipLink;
3012	runtime_var	2	response.requester_delivery_payload = Object.assign({}, response.requester_delivery_payload || {}, {
3013	side_effect	5	summary_text: summaryText,
3014	side_effect	5	deliverable_link: actualZipLink,
3015	side_effect	5	deliverable_package: zipPublic,
3016	side_effect	5	deliverable_zip_ref: actualZipRef,
3017	side_effect	5	generated_artifacts: response.generated_artifacts
3020	side_effect	5	response.deliverable = Object.assign({}, response.deliverable || {}, {
3021	side_effect	5	deliverable_package: zipPublic,
3022	side_effect	5	zip_link: actualZipLink,
3023	side_effect	5	generated_artifacts: response.generated_artifacts
3028	side_effect	5	// AIWORKEROS_B6R95R3D_R1_MULTI_ARTIFACT_ZIP_CONTRACT_END
3029	side_effect	5	// AIWORKEROS_B6R95R3B_R3_COMMON_DELIVERABLE_CONTRACT_END
3030	runtime_var,side_effect	7	function createRuntimeRequest(payload, idempotencyKeyFromHeader) {
3031	runtime_var	2	const idempotencyKey = payload.idempotency_key || idempotencyKeyFromHeader || "";
3032	runtime_var	2	const sourceRouteCode = String(
3033	runtime_var	2	payload.source_route_code ||
3034	runtime_var	2	payload.sourceRouteCode ||
3035	runtime_var	2	payload.source_route ||
3038	control	1	if (!idempotencyKey) {
3041	runtime_var	2	throw e;
3044	runtime_var	2	const required = ["app_surface_code", "model_code", "task_domain_code", "task_title", "task_instruction_ja"];
3045	control	1	for (const key of required) {
3046	runtime_var,control	3	if (!payload[key] || String(payload[key]).trim() === "") {
3049	runtime_var	2	throw e;
3053	runtime_var,side_effect	7	const deliverable = aiwB6R95R3R3BuildRequesterFacingDeliverable(payload, sourceRouteCode);
3057	runtime_var,side_effect	7	"  select aiworker.fn_runtime_execution_create_request_with_route_v1(",
3060	runtime_var	2	"    :'task_domain_code',",
3061	runtime_var	2	"    :'task_title',",
3062	runtime_var	2	"    :'task_instruction_ja',",
3063	runtime_var	2	"    :'source_app_ref',",
3064	runtime_var	2	"    :'source_request_ref',",
3065	runtime_var	2	"    :'requested_by_ref',",
3067	runtime_var	2	"    :'source_route_code'",
3068	runtime_var	2	"  ) as request_id",
3070	side_effect	5	"worker_output as (",
3071	side_effect	5	"  select aiworker.fn_runtime_execution_submit_worker_output(",
3072	runtime_var	2	"    (select request_id from created),",
3074	runtime_var	2	"    :'output_body_ja',",
3076	runtime_var	2	"    :'output_payload_jsonb'::jsonb,",
3077	side_effect	5	"    :'artifacts_jsonb'::jsonb",
3082	runtime_var,side_effect	7	"  from aiworker.vw_app_aiworker_runtime_execution_app_read_payload_v1 p",
3084	runtime_var	2	"    on c.request_id = p.request_id",
3088	side_effect	5	"  'status', 'WORKER_OUTPUT_DONE',",
3089	runtime_var	2	"  'request_id', (select request_id from created),",
3090	side_effect	5	"  'output_id', (select output_id from worker_output),",
3092	runtime_var	2	"  'requester_app_ref', :'source_app_ref',",
3093	runtime_var	2	"  'source_request_ref', :'source_request_ref',",
3094	runtime_var	2	"  'source_route_code', :'source_route_code',",
3095	runtime_var	2	"  'payload', coalesce((select app_read_payload_jsonb from board limit 1), '{}'::jsonb),",
3097	side_effect	5	"  'generation_basis', :'generation_basis_jsonb'::jsonb,",    "  'deliverable', jsonb_build_object(",
3099	side_effect	5	"    'deliverable_kind', 'document',",
3101	runtime_var	2	"    'body_format', 'markdown',",
3102	side_effect	5	"    'deliverable_package', :'deliverable_package_jsonb'::jsonb,",
3103	side_effect	5	"    'generated_artifacts', :'generated_artifacts_jsonb'::jsonb,",
3104	runtime_var	2	"    'body_markdown', :'output_body_ja',",
3105	side_effect	5	"    'summary_text', :'output_summary_ja',",
3109	side_effect	5	"    'output_id', (select output_id from worker_output),",
3110	side_effect	5	"    'zip_link', :'deliverable_zip_link'",
3112	side_effect	5	"  'deliverable_ref', jsonb_build_object(",
3113	runtime_var,side_effect	7	"    'source', 'aiworkeros',",
3114	side_effect	5	"    'schema', 'aiworker',",
3115	side_effect	5	"    'table', 'runtime_worker_output',",
3116	side_effect	5	"    'id', (select output_id from worker_output)::text",
3118	runtime_var,side_effect	7	"  'deliverable_link', :'deliverable_zip_link',",    "  'requester_delivery_payload', jsonb_build_object(",
3119	side_effect	5	"    'summary_text', :'output_summary_ja',",
3120	side_effect	5	"    'deliverable_title', :'output_title_ja',",
3122	side_effect	5	"    'deliverable_kind', 'document',",
3123	runtime_var	2	"    'body_format', 'markdown',",
3124	side_effect	5	"    'generated_artifacts', :'generated_artifacts_jsonb'::jsonb,",
3125	side_effect	5	"    'deliverable_link', :'deliverable_zip_link',",
3126	side_effect	5	"    'deliverable_package', :'deliverable_package_jsonb'::jsonb,",
3127	side_effect	5	"    'deliverable_ref', jsonb_build_object(",
3128	runtime_var,side_effect	7	"      'source', 'aiworkeros',",
3129	side_effect	5	"      'schema', 'aiworker',",
3130	side_effect	5	"      'table', 'runtime_worker_output',",
3131	side_effect	5	"      'id', (select output_id from worker_output)::text",
3142	runtime_var	2	const responsePayload = psqlJson(sql, {
3143	runtime_var	2	app_surface_code: payload.app_surface_code,
3144	runtime_var	2	model_code: payload.model_code,
3145	runtime_var	2	task_domain_code: payload.task_domain_code,
3146	runtime_var	2	task_title: payload.task_title,
3147	runtime_var	2	task_instruction_ja: payload.task_instruction_ja,
3148	runtime_var	2	source_app_ref: payload.source_app_ref || "HTTP_LOCAL",
3149	runtime_var	2	source_request_ref: payload.source_request_ref || "",
3150	runtime_var	2	source_route_code: sourceRouteCode,
3151	runtime_var	2	requested_by_ref: payload.requested_by_ref || "human",
3153	side_effect	5	output_title_ja: deliverable.outputTitle,
3154	runtime_var,side_effect	7	output_body_ja: deliverable.bodyMarkdown,
3155	side_effect	5	output_summary_ja: deliverable.summaryText,
3156	side_effect	5	quality_notes: deliverable.qualityNotes,
3157	side_effect	5	unresolved_issues: deliverable.unresolvedIssues,
3158	side_effect	5	next_steps: deliverable.nextSteps,
3159	side_effect	5	deliverable_package_jsonb: JSON.stringify(deliverable.deliverablePackage),
3160	side_effect	5	deliverable_zip_link: deliverable.deliverablePackage.zip_link,
3161	side_effect	5	generated_artifacts_jsonb: JSON.stringify(deliverable.generatedArtifacts.map((artifact, index) => aiwB6R95R3D1NormalizeGeneratedArtifact(artifact, index))),
3162	side_effect	5	robot_context_jsonb: JSON.stringify(deliverable.robotContext),
3163	side_effect	5	generation_basis_jsonb: JSON.stringify(deliverable.generationBasis),
3164	runtime_var,side_effect	7	output_payload_jsonb: JSON.stringify(deliverable.outputPayload),
3165	side_effect	5	artifacts_jsonb: JSON.stringify(deliverable.artifacts)
3168	runtime_var,side_effect	7	return aiwB6R95R3D1CreateZipAndAttach(responsePayload, deliverable);
3174	control	1	try {
3175	control	1	if (req.method === "GET" && url.pathname === "/health") {
3176	response	4	return sendJson(res, 200, {
3177	response	4	ok: true,
3178	side_effect	5	service: "aiworker-runtime-execution-http-api",
3186	control	1	if (!requireAuth(req)) {
3187	response	4	return sendJson(res, 401, {
3190	response	4	message: "Missing or invalid Authorization bearer token."
3194	side_effect,control	6	if (req.method === "GET" && url.pathname === "/aiworker/v1/runtime-execution/endpoint-ready") {
3195	response	4	return sendJson(res, 200, { result: "ok", data: endpointReady() });
3198	side_effect,control	6	if (req.method === "GET" && url.pathname === "/aiworker/v1/runtime-execution/api-contract") {
3199	response	4	return sendJson(res, 200, { result: "ok", data: apiContracts() });
