aiworker	company_ai_usage_tendency	pol_aiw_company_tendency_ops_tenant	PERMISSIVE	{role_aiw_operations_reviewer}	SELECT	(tenant_company_id = aiworker.fn_current_tenant_company_id())	
aiworker	event_outbox	pol_aiw_audit_reader_select_event_outbox	PERMISSIVE	{role_aiw_audit_reader}	SELECT	true	
aiworker	event_outbox	pol_aiw_event_delivery_select_undelivered	PERMISSIVE	{role_aiw_event_delivery}	SELECT	(delivered_at IS NULL)	
aiworker	event_outbox	pol_aiw_event_delivery_update_undelivered	PERMISSIVE	{role_aiw_event_delivery}	UPDATE	(delivered_at IS NULL)	true
aiworker	official_intake_request	pol_aiw_controlled_executor_rw_intake	PERMISSIVE	{role_aiw_controlled_function_executor}	ALL	true	true
aiworker	official_intake_request	pol_aiw_official_intake_writer_insert_self	PERMISSIVE	{role_aiw_official_intake_writer}	INSERT		(submitted_by = CURRENT_USER)
aiworker	official_intake_request	pol_aiw_official_intake_writer_select_self	PERMISSIVE	{role_aiw_official_intake_writer}	SELECT	(submitted_by = CURRENT_USER)	
aiworker	robot_model_personality_profile	robot_model_personality_profile_active_read	PERMISSIVE	{public}	SELECT	(status_code = 'active'::text)	
aiworker	robot_model_public_profile	robot_model_public_profile_active_read	PERMISSIVE	{public}	SELECT	(status_code = 'active'::text)	
aiworker	robot_series_behavior_profile	robot_series_behavior_profile_active_read	PERMISSIVE	{public}	SELECT	(status_code = 'active'::text)	
aiworker	user_ai_usage_tendency	pol_aiw_user_tendency_ops_tenant	PERMISSIVE	{role_aiw_operations_reviewer}	SELECT	(tenant_user_id = aiworker.fn_current_tenant_user_id())	
aiworker	worker_assignment_history	pol_aiw_assignment_history_audit_reader	PERMISSIVE	{role_aiw_audit_reader}	SELECT	true	
aiworker	worker_assignment_state	pol_aiw_assignment_ops_tenant	PERMISSIVE	{role_aiw_operations_reviewer}	SELECT	(((tenant_company_id IS NULL) OR (tenant_company_id = aiworker.fn_current_tenant_company_id())) AND ((tenant_user_id IS NULL) OR (tenant_user_id = aiworker.fn_current_tenant_user_id())))	
aiworker	worker_company_affinity	pol_aiw_company_affinity_ops_tenant	PERMISSIVE	{role_aiw_operations_reviewer}	SELECT	(tenant_company_id = aiworker.fn_current_tenant_company_id())	
aiworker	worker_exception_control_state	pol_aiw_exception_control_privileged_reviewer	PERMISSIVE	{role_aiw_privileged_reviewer}	SELECT	true	
aiworker	worker_exception_control_state	pol_aiw_exception_control_restricted_reviewer	PERMISSIVE	{role_aiw_restricted_reviewer}	SELECT	true	
aiworker	worker_privileged_profile	pol_aiw_privileged_profile_privileged_reviewer	PERMISSIVE	{role_aiw_privileged_reviewer}	SELECT	(active_flag = true)	
aiworker	worker_rebuild_history	pol_aiw_rebuild_history_audit_reader	PERMISSIVE	{role_aiw_audit_reader}	SELECT	true	
aiworker	worker_repair_history	pol_aiw_repair_history_audit_reader	PERMISSIVE	{role_aiw_audit_reader}	SELECT	true	
aiworker	worker_restricted_handling_policy	pol_aiw_restricted_policy_restricted_reviewer	PERMISSIVE	{role_aiw_restricted_reviewer}	SELECT	true	
aiworker	worker_state_change_log	pol_aiw_state_change_audit_reader	PERMISSIVE	{role_aiw_audit_reader}	SELECT	true	
aiworker	worker_state_change_log	pol_aiw_state_change_privileged_subset	PERMISSIVE	{role_aiw_privileged_reviewer}	SELECT	(state_family_code = 'PRIVILEGED_CONTEXT'::text)	
aiworker	worker_state_change_log	pol_aiw_state_change_restricted_subset	PERMISSIVE	{role_aiw_restricted_reviewer}	SELECT	(state_family_code = ANY (ARRAY['REPAIR'::text, 'REBUILD'::text]))	
aiworker	worker_user_affinity	pol_aiw_user_affinity_ops_tenant	PERMISSIVE	{role_aiw_operations_reviewer}	SELECT	(tenant_user_id = aiworker.fn_current_tenant_user_id())	
