BYD1-001	Beyond	134	119	15	74	covered	covered
BYD1-002	Beyond	134	119	15	74	covered	covered
BYD1-003	Beyond	134	119	15	74	covered	covered
BYD2-001	Beyond	0	0	0	0	missing_history_detail	missing_history_exam
BYD2-002	Beyond	0	0	0	0	missing_history_detail	missing_history_exam
BYD2-003	Beyond	134	119	15	74	covered	covered
HD-R1	HD	0	0	0	0	missing_history_detail	missing_history_exam
HD-R1A	HD	0	0	0	0	missing_history_detail	missing_history_exam
HD-R1C	HD	11	11	0	0	covered	missing_history_exam
HD-R2	HD	0	0	0	0	missing_history_detail	missing_history_exam
HD-R2G	HD	54	47	7	0	covered	missing_history_exam
HD-R2S	HD	0	0	0	0	missing_history_detail	missing_history_exam
HD-R2T-0	HD	54	47	7	0	covered	missing_history_exam
HD-R3	HD	134	119	15	74	covered	covered
HD-R4	HD	0	0	0	0	missing_history_detail	missing_history_exam
HD-R5	HD	0	0	0	0	missing_history_detail	missing_history_exam
HD-R5P	HD	76	65	11	0	covered	missing_history_exam
LVS-*	LoVerS	0	0	0	0	missing_history_detail	missing_history_exam
MG-NORN-001	MEGAMI	134	119	15	74	covered	covered
MG-NORN-002	MEGAMI	134	119	15	74	covered	covered
MG-NORN-003	MEGAMI	134	119	15	74	covered	covered
