civilization_foundation_history	civ_detail_aerial_civilization_opening	civilization_timeline	-	civilization	aerial_civilization	civilization_timeline	Year 540: Aerial完成
civilization_foundation_history	civ_detail_aerial_last_human_and_resurrection_failure	civilization_timeline	-	civilization	aerial_civilization	civilization_timeline	Year 1698-3626: 小隕石墜落・最後の人類死亡・転生蘇生システム失敗
civilization_foundation_history	civ_detail_year0010_aurelia_orpheus_clash	civilization_timeline	-	civilization	early_civilization	civilization_timeline	Year 10: アウレリア・オルフェウス衝突
civilization_foundation_history	civ_detail_year0010_helios_succession_crisis	civilization_timeline	-	civilization	early_civilization	civilization_timeline	Year 10: ヘリオス王国の後継者争い
civilization_foundation_history	civ_detail_year0010_parallel_events_index	civilization_timeline	-	civilization	early_civilization	civilization_timeline	Year 10: 複数地域事件索引
civilization_foundation_history	civ_detail_year0012_aurelia_civil_war	civilization_timeline	-	civilization	early_civilization	civilization_timeline	Year 12: アウレリア分裂戦争
civilization_foundation_history	civ_detail_year0012_helios_antonio_enthronement	civilization_timeline	-	civilization	early_civilization	civilization_timeline	Year 12: アントニオ・ロッソ即位
civilization_foundation_history	civ_detail_year0012_parallel_events_index	civilization_timeline	-	civilization	early_civilization	civilization_timeline	Year 12: 複数国家事件索引
civilization_foundation_history	civ_detail_year0329_triple_termination	civilization_timeline	-	civilization	triple_arc	civilization_timeline	Year 329: Triple恒久停止とCivilization公式終了
civilization_foundation_history	civ_detail_current_civilization_restored_from_year18	current_civilization	-	civilization	current_civilization	current_civilization	Year 308600: 現在のCivilization復元
civilization_foundation_history	civ_detail_prometheus_abandonment_and_discard	prometheus_timeline	-	civilization	prometheus_civilization	prometheus_timeline	Year 396-397: Prometheus開発放棄と完全破棄
civilization_foundation_history	civ_detail_prometheus_destruction_chain	prometheus_timeline	-	civilization	prometheus_civilization	prometheus_timeline	Year 374-382: Prometheus破壊事件の連鎖
civilization_foundation_history	civ_detail_prometheus_development_and_test	prometheus_timeline	-	civilization	prometheus_civilization	prometheus_timeline	Year 320-336: プロメテウス開発開始と犯罪者用宇宙ステーション試験稼働
civilization_foundation_history	civ_detail_prometheus_full_management_and_isolation_incident	prometheus_timeline	-	civilization	prometheus_civilization	prometheus_timeline	Year 343-344: N国中心の本格管理開始と隔離施設事件
civilization_foundation_history	civ_detail_prometheus_resistance_and_suppression	prometheus_timeline	-	civilization	prometheus_civilization	prometheus_timeline	Year 352: 反対派レジスタンス活動開始と鎮圧
earth_history	cn_detail_zheng_he_voyages	country	CN	east_asia	ming_qing	maritime_history	鄭和の南海遠征
earth_history	cn_detail_prc_founding	country	CN	east_asia	prc_modern	political_transition	中華人民共和国成立
earth_history	cn_detail_reform_opening	country	CN	east_asia	prc_modern	economic_history	改革開放
earth_history	cn_detail_commandery_county_system	country	CN	east_asia	qin_han	governance	郡県制
earth_history	cn_detail_han_confucian_bureaucracy	country	CN	east_asia	qin_han	governance_thought	漢の儒教官僚制
earth_history	cn_detail_qin_unification	country	CN	east_asia	qin_han	state_formation	秦の統一
earth_history	cn_detail_silk_road_han	country	CN	east_asia	qin_han	trade_network	漢代のシルクロード
earth_history	cn_detail_opium_wars_treaty_ports	country	CN	east_asia	republican_period	modern_transition	アヘン戦争と不平等条約
earth_history	cn_detail_xinhai_revolution	country	CN	east_asia	republican_period	political_transition	辛亥革命
earth_history	cn_detail_song_commercial_revolution	country	CN	east_asia	song_yuan	commercialization	宋代の商業化と都市化
earth_history	cn_detail_yuan_mongol_empire	country	CN	east_asia	song_yuan	empire_history	元とモンゴル帝国
earth_history	cn_detail_hundred_schools	country	CN	east_asia	spring_autumn_warring_states	thought_history	諸子百家
earth_history	cn_detail_changan_international_city	country	CN	east_asia	sui_tang	urban_history	長安と唐の国際文化
earth_history	cn_detail_grand_canal_sui	country	CN	east_asia	sui_tang	infrastructure	大運河
earth_history	cn_detail_imperial_examination_tang	country	CN	east_asia	sui_tang	bureaucracy	科挙
earth_history	cn_detail_three_kingdoms_division	country	CN	east_asia	three_kingdoms_jin_northern_southern	political_division	三国時代
earth_history	cn_detail_mandate_of_heaven	country	CN	east_asia	xia_shang_zhou	political_idea	天命思想
earth_history	cn_detail_oracle_bone_bronze_culture	country	CN	east_asia	xia_shang_zhou	ancient_culture	甲骨文字と青銅器文化
earth_history	jp_detail_handen_shuju	country	JP	east_asia	asuka_nara	land_tax	班田収授法
earth_history	jp_detail_konden_einen_shizaihou	country	JP	east_asia	asuka_nara	land_tax	墾田永年私財法
earth_history	jp_detail_ritsuryo_system	country	JP	east_asia	asuka_nara	law_governance	律令制
earth_history	jp_detail_katanagari	country	JP	east_asia	azuchi_momoyama	social_order	刀狩
earth_history	jp_detail_rakuichi_rakuza	country	JP	east_asia	azuchi_momoyama	commercial_policy	楽市楽座
earth_history	jp_detail_sekigahara	country	JP	east_asia	azuchi_momoyama	war_history	関ヶ原の戦い
earth_history	jp_detail_taiko_kenchi	country	JP	east_asia	azuchi_momoyama	land_tax	太閤検地
earth_history	jp_detail_bakuhan_system	country	JP	east_asia	edo	governance	幕藩体制
earth_history	jp_detail_kyohou_reforms	country	JP	east_asia	edo	governance_economy	享保の改革
earth_history	jp_detail_sakoku_foreign_relations	country	JP	east_asia	edo	foreign_relations	江戸幕府の対外関係管理
earth_history	jp_detail_sankin_kotai	country	JP	east_asia	edo	governance	参勤交代
earth_history	jp_detail_tenmei_kansei_reforms	country	JP	east_asia	edo	governance_economy	寛政の改革
earth_history	jp_detail_tenpo_reforms	country	JP	east_asia	edo	governance_economy	天保の改革
earth_history	jp_detail_insei	country	JP	east_asia	heian	governance	院政
earth_history	jp_detail_samurai_rise	country	JP	east_asia	heian	social_change	武士の台頭
earth_history	jp_detail_sekkan_politics	country	JP	east_asia	heian	governance	摂関政治
earth_history	jp_detail_shoen	country	JP	east_asia	heian	land_tax	荘園
earth_history	jp_detail_bubble_collapse	country	JP	east_asia	heisei_reiwa_modern	economic_history	バブル崩壊
earth_history	jp_detail_genko_mongol_invasions	country	JP	east_asia	kamakura	war_history	元寇
earth_history	jp_detail_gokenin	country	JP	east_asia	kamakura	governance	御家人
earth_history	jp_detail_goseibai_shikimoku	country	JP	east_asia	kamakura	law_governance	御成敗式目
earth_history	jp_detail_kamakura_shogunate	country	JP	east_asia	kamakura	governance	鎌倉幕府成立
earth_history	jp_detail_chiso_kaisei	country	JP	east_asia	meiji	land_tax	地租改正
earth_history	jp_detail_haihan_chiken	country	JP	east_asia	meiji	governance	廃藩置県
earth_history	jp_detail_meiji_constitution	country	JP	east_asia	meiji	law_governance	大日本帝国憲法
earth_history	jp_detail_meiji_restoration	country	JP	east_asia	meiji	political_transition	明治維新
earth_history	jp_detail_russo_japanese_war	country	JP	east_asia	meiji	war_history	日露戦争
earth_history	jp_detail_sino_japanese_war	country	JP	east_asia	meiji	war_history	日清戦争
earth_history	jp_detail_kenmu_restoration	country	JP	east_asia	muromachi_sengoku	governance	建武の新政
earth_history	jp_detail_onin_war	country	JP	east_asia	muromachi_sengoku	war_history	応仁の乱
earth_history	jp_detail_high_economic_growth	country	JP	east_asia	postwar_showa	economic_history	高度経済成長
earth_history	jp_detail_japan_constitution_1946	country	JP	east_asia	postwar_showa	law_governance	日本国憲法
earth_history	jp_detail_postwar_land_reform	country	JP	east_asia	postwar_showa	land_tax	農地改革
earth_history	jp_detail_pacific_war	country	JP	east_asia	taisho_showa_prewar	war_history	太平洋戦争
earth_history	jp_detail_peace_preservation_law_1925	country	JP	east_asia	taisho_showa_prewar	political_control	治安維持法
earth_history	jp_detail_universal_male_suffrage_1925	country	JP	east_asia	taisho_showa_prewar	political_institution	普通選挙法
earth_history	kr_detail_three_kingdoms	country	KR	east_asia	ancient_three_kingdoms	state_formation	三国時代
earth_history	kr_detail_colonial_period	country	KR	east_asia	colonial_period	colonial_history	日本統治時代
earth_history	kr_detail_korean_war	country	KR	east_asia	division_korean_war	war_history	朝鮮戦争
earth_history	kr_detail_goryeo_dynasty	country	KR	east_asia	goryeo	dynasty_history	高麗王朝
earth_history	kr_detail_hangul_creation	country	KR	east_asia	joseon_early_middle	language_history	ハングル創製
earth_history	kr_detail_joseon_confucian_state	country	KR	east_asia	joseon_early_middle	governance_thought	朝鮮王朝と儒教国家
earth_history	kr_detail_late_joseon_silhak	country	KR	east_asia	joseon_late	thought_history	実学
earth_history	kr_detail_unified_silla	country	KR	east_asia	unified_silla_balhae	state_formation	統一新羅
earth_history	de_detail_reformation_luther	country	DE	europe	early_modern_reformation	religion_history	宗教改革
earth_history	de_detail_division_reunification	country	DE	europe	modern_germany	cold_war_history	ドイツ分断と再統一
earth_history	de_detail_german_unification_bismarck	country	DE	europe	unification_empire	state_formation	ドイツ統一とビスマルク
earth_history	fr_detail_absolutism_louis14	country	FR	europe	absolutism_revolution	political_institution	ルイ14世と絶対王政
earth_history	fr_detail_french_revolution	country	FR	europe	absolutism_revolution	political_transition	フランス革命
earth_history	fr_detail_napoleon_empire	country	FR	europe	napoleon	empire_history	ナポレオン時代
earth_history	gb_detail_industrial_revolution	country	GB	europe	industrial_empire	industrial_history	産業革命
earth_history	gb_detail_magna_carta_parliament	country	GB	europe	medieval_early_modern	political_institution	マグナ・カルタから議会政治へ
earth_history	gb_detail_british_empire_decolonization	country	GB	europe	modern_britain	empire_decolonization	大英帝国と脱植民地化
earth_history	it_detail_roman_republic_empire	country	IT	europe	ancient_rome	empire_history	ローマ共和政とローマ帝国
earth_history	it_detail_renaissance_city_states	country	IT	europe	renaissance_city_states	cultural_history	イタリア・ルネサンス
earth_history	it_detail_italian_unification	country	IT	europe	unification	state_formation	イタリア統一
earth_history	ru_detail_peter_catherine_empire	country	RU	europe	imperial_russia	empire_history	ピョートル大帝・エカチェリーナ2世と帝政ロシア
earth_history	ru_detail_kievan_rus_moscow	country	RU	europe	kievan_muscovy	state_formation	キエフ・ルーシからモスクワ大公国へ
earth_history	ru_detail_russian_revolution_soviet_union	country	RU	europe	revolution_soviet_modern	political_transition	ロシア革命とソ連
earth_history	us_detail_civil_war_reconstruction	country	US	north_america	civil_war_reconstruction	war_history	南北戦争と再建期
earth_history	us_detail_independence_revolution	country	US	north_america	colonial_revolution	political_transition	アメリカ独立革命
earth_history	us_detail_new_deal_world_power	country	US	north_america	modern_us	economic_political_history	ニューディールと世界大国化
earth_history	in_detail_east_india_company	country	IN	south_asia	colonial_british_rule	colonial_history	東インド会社支配
earth_history	in_detail_delhi_sultanate	country	IN	south_asia	delhi_sultanate	islamic_rule	デリー・スルターン朝
earth_history	in_detail_gandhi_nonviolence	country	IN	south_asia	independence_partition	person_history	ガンディー
earth_history	in_detail_indian_national_congress	country	IN	south_asia	independence_partition	independence_movement	インド国民会議
earth_history	in_detail_partition_independence	country	IN	south_asia	independence_partition	political_transition	インド・パキスタン分離独立
earth_history	in_detail_indus_civilization	country	IN	south_asia	indus_vedic	ancient_civilization	インダス文明
earth_history	in_detail_vedic_society	country	IN	south_asia	indus_vedic	religion_society	ヴェーダ時代
earth_history	in_detail_buddhism_jainism	country	IN	south_asia	maurya_gupta	religion_history	仏教とジャイナ教の成立
earth_history	in_detail_gupta_classical_culture	country	IN	south_asia	maurya_gupta	classical_culture	グプタ朝と古典文化
earth_history	in_detail_maurya_ashoka	country	IN	south_asia	maurya_gupta	empire_history	マウリヤ朝とアショーカ王
earth_history	in_detail_modern_india_economic_liberalization	country	IN	south_asia	modern_india	economic_history	インドの経済自由化
earth_history	in_detail_mughal_empire_akbar	country	IN	south_asia	mughal	empire_history	ムガル帝国とアクバル
earth_history	af_detail_ancient_egypt_nile	region	-	africa	ancient_africa	ancient_civilization	古代エジプト文明
earth_history	af_detail_colonial_partition_africa	region	-	africa	colonial_africa	colonial_history	アフリカ分割
earth_history	af_detail_trans_saharan_trade_kingdoms	region	-	africa	medieval_africa	trade_kingdom_history	サハラ交易と西アフリカ王国
earth_history	af_detail_decolonization_apartheid	region	-	africa	modern_africa	decolonization_human_rights	アフリカ独立とアパルトヘイト撤廃
earth_history	la_detail_colonization_columbian_exchange	region	-	latin_america	colonial_latin_america	colonial_history	征服・植民地化とコロンブス交換
earth_history	la_detail_independence_movements	region	-	latin_america	latin_american_independence	political_transition	ラテンアメリカ独立運動
earth_history	la_detail_modern_latin_america_development	region	-	latin_america	modern_latin_america	economic_political_history	近現代ラテンアメリカの開発と社会問題
earth_history	la_detail_mesoamerica_andean_civilizations	region	-	latin_america	pre_columbian_america	ancient_civilization	メソアメリカ・アンデス文明
earth_history	me_detail_mesopotamia_ancient	region	-	middle_east	ancient_near_east	ancient_civilization	メソポタミア文明
earth_history	me_detail_islam_caliphates	region	-	middle_east	islamic_world	religion_empire_history	イスラームの成立とカリフ制
earth_history	me_detail_modern_middle_east_oil_nationalism	region	-	middle_east	modern_middle_east	nationalism_resource_history	近現代中東と石油・国民国家
earth_history	me_detail_ottoman_empire	region	-	middle_east	ottoman_modern_middle_east	empire_history	オスマン帝国
earth_history	oc_detail_colonization_settler_states	region	-	oceania	colonial_oceania	colonial_history	オセアニアの植民地化と移民国家形成
