civilization_foundation_history	civ_exam_foundation_aerial_q001	-	civilization	aerial_civilization	civilization_timeline	short_answer	Aerial完成年は何年として扱うか。
civilization_foundation_history	civ_exam_foundation_current_q001	-	civilization	current_civilization	current_civilization	description	現在のCivilizationが旧Civilizationの単純継続ではなく復元世界として扱われる理由を説明せよ。
civilization_foundation_history	civ_exam_foundation_year0010_q001	-	civilization	early_civilization	civilization_timeline	description	Year 10のアウレリア・オルフェウス衝突とヘリオス後継者争いを、なぜ分けて扱う必要があるか説明せよ。
civilization_foundation_history	civ_exam_foundation_year0012_q001	-	civilization	early_civilization	civilization_timeline	description	Year 12のアウレリア分裂戦争とアントニオ・ロッソ即位を、国家の違いに触れて説明せよ。
civilization_foundation_history	civ_exam_foundation_prometheus_q001	-	civilization	prometheus_civilization	prometheus_timeline	description	Prometheusの開発開始と試験稼働の流れを、年号込みで説明せよ。
civilization_foundation_history	civ_exam_foundation_prometheus_q002	-	civilization	prometheus_civilization	prometheus_timeline	description	344年の隔離施設事件がCivilization反対派増加につながった理由を説明せよ。
civilization_foundation_history	civ_exam_foundation_prometheus_q003	-	civilization	prometheus_civilization	prometheus_timeline	short_answer	N国がPrometheusの開発放棄および統治解除を宣言した年と、Prometheusが完全破棄された年を答えよ。
civilization_foundation_history	civ_exam_foundation_triple_q001	-	civilization	triple_arc	civilization_timeline	short_answer	Tripleが恒久停止され、Civilizationが公式終了として扱われた年は何年か。
earth_history	civ_exam_earth_af_q001	-	africa	ancient_africa	africa_history	short_answer	古代エジプト文明の発展を支えた大河を何というか。
earth_history	civ_exam_earth_af_q002	-	africa	colonial_africa	africa_history	description	アフリカ分割が現代アフリカに残した影響を説明せよ。
earth_history	civ_exam_earth_cn_ming_q001	CN	east_asia	ming_qing	china_history	short_answer	明の永楽帝期に、大規模な南海遠征を率いた人物は誰か。
earth_history	civ_exam_earth_cn_prc_q001	CN	east_asia	prc_modern	china_history	description	改革開放の内容を簡潔に説明せよ。
earth_history	civ_exam_earth_cn_han_q001	CN	east_asia	qin_han	china_history	short_answer	漢の武帝期に国家統治の理念として重視され、官僚制と結びついた思想は何か。
earth_history	civ_exam_earth_cn_qin_q001	CN	east_asia	qin_han	china_history	short_answer	紀元前221年に戦国諸国を統一し、皇帝号を用いた秦の君主を何というか。
earth_history	civ_exam_earth_cn_qin_q002	CN	east_asia	qin_han	china_history	description	郡県制の特徴を、封建制との違いに触れて説明せよ。
earth_history	civ_exam_earth_cn_modern_q001	CN	east_asia	republican_period	china_history	short_answer	アヘン戦争後、清がイギリスと結んだ条約で、香港割譲や開港などを定めたものは何か。
earth_history	civ_exam_earth_cn_modern_q002	CN	east_asia	republican_period	china_history	short_answer	1911年の武昌蜂起を契機に清朝が倒れ、中華民国成立につながった革命を何というか。
earth_history	civ_exam_earth_cn_song_q001	CN	east_asia	song_yuan	china_history	description	宋代の社会経済の特徴を説明せよ。
earth_history	civ_exam_earth_cn_warring_q001	CN	east_asia	spring_autumn_warring_states	china_history	short_answer	春秋戦国時代に現れた儒家・法家・道家などの多様な思想家・学派を総称して何というか。
earth_history	civ_exam_earth_cn_sui_tang_q001	CN	east_asia	sui_tang	china_history	short_answer	隋で始まり、唐以降に整えられた、試験によって官僚を登用する制度を何というか。
earth_history	civ_exam_earth_cn_ancient_q001	CN	east_asia	xia_shang_zhou	china_history	short_answer	王朝交替を、天が徳のある王に支配を命じるという考えで説明する思想を何というか。
earth_history	civ_exam_earth_jp_ancient_q001	JP	east_asia	asuka_nara	japan_history	short_answer	律令制において、刑法にあたるものを何というか。
earth_history	civ_exam_earth_jp_ancient_q002	JP	east_asia	asuka_nara	japan_history	short_answer	743年、新しく開墾した土地の永久私有を認めた法を何というか。
earth_history	civ_exam_earth_jp_azuchi_q001	JP	east_asia	azuchi_momoyama	japan_history	short_answer	豊臣秀吉が全国的に行い、石高制の基礎となった土地調査を何というか。
earth_history	civ_exam_earth_jp_azuchi_q002	JP	east_asia	azuchi_momoyama	japan_history	short_answer	豊臣秀吉が農民から武器を取り上げ、兵農分離を進めた政策を何というか。
earth_history	civ_exam_earth_jp_edo_q001	JP	east_asia	edo	japan_history	description	参勤交代の目的と影響を簡潔に説明せよ。
earth_history	civ_exam_earth_jp_edo_q002	JP	east_asia	edo	japan_history	description	江戸幕府のいわゆる鎖国は、完全な海外断絶ではない。この理由を説明せよ。
earth_history	civ_exam_earth_jp_heian_q001	JP	east_asia	heian	japan_history	short_answer	藤原氏が外戚関係を利用し、摂政・関白として実権を握った政治を何というか。
earth_history	civ_exam_earth_jp_kamakura_q001	JP	east_asia	kamakura	japan_history	description	鎌倉幕府成立年について、1185年と1192年の違いを簡潔に説明せよ。
earth_history	civ_exam_earth_jp_kamakura_q002	JP	east_asia	kamakura	japan_history	description	元寇が鎌倉幕府に与えた影響を説明せよ。
earth_history	civ_exam_earth_jp_meiji_q001	JP	east_asia	meiji	japan_history	short_answer	1871年、藩を廃止して府県を置き、中央集権化を進めた改革を何というか。
earth_history	civ_exam_earth_jp_meiji_q002	JP	east_asia	meiji	japan_history	description	地租改正の目的と内容を説明せよ。
earth_history	civ_exam_earth_jp_meiji_q003	JP	east_asia	meiji	japan_history	short_answer	1889年に発布され、天皇主権を定めた明治国家の憲法を何というか。
earth_history	civ_exam_earth_jp_muromachi_q001	JP	east_asia	muromachi_sengoku	japan_history	short_answer	1467年に始まり、室町幕府の権威低下と戦国時代への流れを生んだ乱を何というか。
earth_history	civ_exam_earth_jp_postwar_q001	JP	east_asia	postwar_showa	japan_history	short_answer	日本国憲法の三大原理を答えよ。
earth_history	civ_exam_earth_jp_postwar_q002	JP	east_asia	postwar_showa	japan_history	description	高度経済成長の特徴を、公害問題にも触れて説明せよ。
earth_history	civ_exam_earth_jp_taisho_q001	JP	east_asia	taisho_showa_prewar	japan_history	short_answer	1925年、満25歳以上の男子に選挙権を認めた法律を何というか。
earth_history	civ_exam_earth_kr_ancient_q001	KR	east_asia	ancient_three_kingdoms	korean_history	short_answer	古代朝鮮半島で並立した三国を答えよ。
earth_history	civ_exam_earth_kr_modern_q001	KR	east_asia	division_korean_war	korean_history	description	朝鮮戦争の結果を、南北分断に触れて説明せよ。
earth_history	civ_exam_earth_kr_goryeo_q001	KR	east_asia	goryeo	korean_history	short_answer	918年に王建が建て、朝鮮半島を再統一した王朝を何というか。
earth_history	civ_exam_earth_kr_joseon_q001	KR	east_asia	joseon_early_middle	korean_history	short_answer	1392年に李成桂が建て、儒教を国家理念とした王朝を何というか。
earth_history	civ_exam_earth_kr_joseon_q002	KR	east_asia	joseon_early_middle	korean_history	short_answer	世宗の時代に創製され、訓民正音として公布された朝鮮語表記の文字を何というか。
earth_history	civ_exam_earth_de_q001	DE	europe	early_modern_reformation	germany_history	short_answer	1517年に贖宥状販売を批判し、宗教改革の契機となった人物は誰か。
earth_history	civ_exam_earth_de_q002	DE	europe	unification_empire	germany_history	short_answer	プロイセン主導のドイツ統一を進め、鉄血政策で知られる政治家は誰か。
earth_history	civ_exam_earth_fr_q001	FR	europe	absolutism_revolution	france_history	short_answer	1789年のフランス革命期に出され、自由・平等など近代的権利を示した宣言を何というか。
earth_history	civ_exam_earth_fr_q002	FR	europe	napoleon	france_history	short_answer	ナポレオンが制定し、近代市民法に大きな影響を与えた法典を何というか。
earth_history	civ_exam_earth_gb_q002	GB	europe	industrial_empire	britain_history	description	産業革命がイギリスで始まった背景を説明せよ。
earth_history	civ_exam_earth_gb_q001	GB	europe	medieval_early_modern	britain_history	short_answer	1689年、名誉革命後に出され、王権制限と議会の権利を確認した文書を何というか。
earth_history	civ_exam_earth_it_q001	IT	europe	ancient_rome	italy_history	description	ローマ共和政から帝政へ移行した流れを簡潔に説明せよ。
earth_history	civ_exam_earth_it_q002	IT	europe	renaissance_city_states	italy_history	short_answer	フィレンツェなどの都市国家を中心に発展し、人文主義や古典復興を特徴とする文化運動を何というか。
earth_history	civ_exam_earth_ru_q001	RU	europe	imperial_russia	russia_history	short_answer	西欧化政策やサンクトペテルブルク建設を進めたロシアの皇帝は誰か。
earth_history	civ_exam_earth_ru_q002	RU	europe	revolution_soviet_modern	russia_history	description	ロシア革命の二月革命と十月革命の違いを説明せよ。
earth_history	civ_exam_earth_la_q002	-	latin_america	colonial_latin_america	latin_america_history	description	コロンブス交換とは何か説明せよ。
earth_history	civ_exam_earth_la_q001	-	latin_america	pre_columbian_america	latin_america_history	short_answer	ヨーロッパ到来以前のアメリカ大陸で発展した代表的文明を3つ答えよ。
earth_history	civ_exam_earth_me_q001	-	middle_east	ancient_near_east	middle_east_history	short_answer	チグリス川・ユーフラテス川流域で発展し、楔形文字やハンムラビ法典で知られる古代文明を何というか。
earth_history	civ_exam_earth_me_q002	-	middle_east	islamic_world	middle_east_history	short_answer	イスラーム共同体の指導者・後継者を意味し、正統カリフやウマイヤ朝・アッバース朝で用いられた称号を何というか。
earth_history	civ_exam_earth_us_q002	US	north_america	civil_war_reconstruction	us_history	description	南北戦争の主な背景と結果を説明せよ。
earth_history	civ_exam_earth_us_q001	US	north_america	colonial_revolution	us_history	short_answer	1776年に北米13植民地が発表した、イギリスからの独立を宣言する文書を何というか。
earth_history	civ_exam_earth_oc_q001	-	oceania	precolonial_oceania	oceania_history	description	ポリネシア人の航海文化の特徴を説明せよ。
earth_history	civ_exam_earth_in_modern_q001	IN	south_asia	independence_partition	india_history	description	1947年のインド・パキスタン分離独立の影響を説明せよ。
earth_history	civ_exam_earth_in_ancient_q001	IN	south_asia	indus_vedic	india_history	short_answer	ハラッパーやモヘンジョダロを代表都市とする古代文明を何というか。
earth_history	civ_exam_earth_in_gupta_q001	IN	south_asia	maurya_gupta	india_history	description	グプタ朝期の文化の特徴を説明せよ。
earth_history	civ_exam_earth_in_maurya_q001	IN	south_asia	maurya_gupta	india_history	short_answer	カリンガ戦争後に仏教に帰依し、石柱碑・磨崖碑を残したマウリヤ朝の王は誰か。
earth_history	civ_exam_earth_in_mughal_q001	IN	south_asia	mughal	india_history	short_answer	宗教的寛容やラージプートとの協調でムガル帝国の統合を進めた皇帝は誰か。
earth_history	civ_exam_earth_theme_law_q001	-	world	ancient_to_modern	political_institution_history	description	近代憲法が持つ代表的な役割を説明せよ。
earth_history	civ_exam_earth_theme_political_q001	-	world	ancient_to_modern	political_institution_history	description	政治制度史で、都市国家・帝国・封建制・国民国家を比較するときの基本視点を説明せよ。
earth_history	civ_exam_earth_theme_religion_q001	-	world	ancient_to_modern	religion_history	description	世界宗教が広がる背景として重要な要素を説明せよ。
earth_history	civ_exam_earth_theme_urban_q001	-	world	ancient_to_modern	urban_history	description	都市史で公衆衛生が重要になる理由を説明せよ。
earth_history	civ_exam_earth_theme_war_q001	-	world	ancient_to_modern	war_history	description	戦争史を学ぶとき、戦争を英雄物語だけで見てはいけない理由を説明せよ。
earth_history	civ_exam_earth_world_q002	-	world	cold_war_decolonization	world_history	description	冷戦と脱植民地化が同時期に進んだことの意味を説明せよ。
earth_history	civ_exam_earth_theme_economy_q001	-	world	early_modern_to_modern	economic_history	description	大航海時代以降、世界経済が一体化していった要因を説明せよ。
earth_history	civ_exam_earth_theme_scitech_q001	-	world	early_modern_to_modern	science_technology_history	description	科学技術史を学ぶとき、技術の利益とリスクを両方見る必要がある理由を説明せよ。
earth_history	civ_exam_earth_theme_industry_q001	-	world	modern_world	industrial_history	description	工業化が社会にもたらした正負の影響を説明せよ。
earth_history	civ_exam_earth_world_q001	-	world	world_wars	world_history	short_answer	第一次世界大戦・第二次世界大戦で、国家が兵士だけでなく経済・科学技術・市民生活まで動員した戦争形態を何というか。
