name	path	exists	size_bytes
SERVER_JS	/data/data/com.termux/files/home/03.civilization-development/11.aiworker-os/runtime-execution-http-api/server.js	YES	147469
HELPER_FILE	/data/data/com.termux/files/home/03.civilization-development/11.aiworker-os/runtime-execution-http-api/guardrail/guardrail-runtime-preflight.cjs	YES	8373
R4B_WIRING_DECISION	/data/data/com.termux/files/home/01.civilization-system/11.aiworker-os/guardrail-knowledge-db/900.meta/20260518_052326_aiw_gkd4e_r4b_exact_boundary_extraction/090_wiring_decision_draft.md	YES	2423
R4B_CANDIDATE_CONTEXT	/data/data/com.termux/files/home/01.civilization-system/11.aiworker-os/guardrail-knowledge-db/900.meta/20260518_052326_aiw_gkd4e_r4b_exact_boundary_extraction/080_candidate_context.md	YES	113318
R4B_FUNCTION_INDEX	/data/data/com.termux/files/home/01.civilization-system/11.aiworker-os/guardrail-knowledge-db/900.meta/20260518_052326_aiw_gkd4e_r4b_exact_boundary_extraction/030_function_index.tsv	YES	11548
R4B_ROUTE_INDEX	/data/data/com.termux/files/home/01.civilization-system/11.aiworker-os/guardrail-knowledge-db/900.meta/20260518_052326_aiw_gkd4e_r4b_exact_boundary_extraction/040_route_index.tsv	YES	1251
R4B_QUEUE_INDEX	/data/data/com.termux/files/home/01.civilization-system/11.aiworker-os/guardrail-knowledge-db/900.meta/20260518_052326_aiw_gkd4e_r4b_exact_boundary_extraction/050_queue_index.tsv	YES	32316
R4B_ARTIFACT_INDEX	/data/data/com.termux/files/home/01.civilization-system/11.aiworker-os/guardrail-knowledge-db/900.meta/20260518_052326_aiw_gkd4e_r4b_exact_boundary_extraction/060_artifact_index.tsv	YES	33357
R4B_RESPONSE_INDEX	/data/data/com.termux/files/home/01.civilization-system/11.aiworker-os/guardrail-knowledge-db/900.meta/20260518_052326_aiw_gkd4e_r4b_exact_boundary_extraction/070_response_index.tsv	YES	5319
