2920	2959	84	24	2923:artifact_candidate: /* AIWORKEROS_B6R97R43_CREATE_ZIP_PROVIDED_BODY_PRIORITY_END */ || 2925:artifact_candidate: function aiwB6R95R3D1CreateZipAndAttach(responsePayload, deliverable) { || 2930:artifact_candidate:   const packageMeta = deliverable?.deliverablePackage || aiwB6R95R3D1BuildZipPackageMeta("requester", "deliverables"); || 2930:execution_candidate:   const packageMeta = deliverable?.deliverablePackage || aiwB6R95R3D1BuildZipPackageMeta("requester", "deliverables"); || 2931:execution_candidate:   const generatedArtifacts = aiwB6R95R3D1BuildGeneratedArtifacts(aiwB6R97R43MergeProvidedBodyIntoDeliverable(deliverable, ...arguments, deliverable));
3000	3039	79	21	3001:artifact_candidate:   response.generated_artifacts = generatedArtifacts.map((artifact) => ({ || 3001:execution_candidate:   response.generated_artifacts = generatedArtifacts.map((artifact) => ({ || 3008:artifact_candidate:   response.deliverable_package = zipPublic; || 3008:execution_candidate:   response.deliverable_package = zipPublic; || 3009:artifact_candidate:   response.deliverable_zip_ref = actualZipRef;
2000	2039	51	17	2009:artifact_candidate: function aiwB6R95R3D1BuildZipPackageMeta(requesterAppRef, taskTitle) { || 2011:artifact_candidate:   const zipId = `${Date.now()}_${crypto.randomUUID()}`; || 2014:artifact_candidate:   const rawFileName = `${requesterPart}_${titlePart}_${zipId}.zip`; || 2016:artifact_candidate:   // AIWORKEROS_B6R95R3H_PACKAGE_META_ZIP_LINK_BEFORE_DB_FIX || 2017:artifact_candidate:   // The package metadata is saved to DB before the zip file is written.
2960	2999	48	14	2960:artifact_candidate:     generated_artifacts  generatedArtifacts.map((artifact) => ({ || 2960:execution_candidate:     generated_artifacts  generatedArtifacts.map((artifact) => ({ || 2967:artifact_candidate:     deliverable_ref  response.deliverable_ref || null, || 2976:execution_candidate:     ...generatedArtifacts.map((artifact) => ({ || 2983:artifact_candidate:   const zipBuffer = aiwB6R95R3D1ZipStored(entries);
1960	1999	43	11	1985:artifact_candidate: // AIWORKEROS_B6R95R3D_R1_MULTI_ARTIFACT_ZIP_CONTRACT_START || 1988:artifact_candidate:   Multi-artifact deliverable zip package contract. || 1988:execution_candidate:   Multi-artifact deliverable zip package contract. || 1991:execution_candidate:   - AIWorkerOS creates one or more deliverable artifacts from the instruction. || 1992:artifact_candidate:   - AIWorkerOS creates summary_text.
3080	3119	43	11	3102:execution_candidate:     "    'deliverable_package',  'deliverable_package_jsonb'  jsonb,", || 3103:artifact_candidate:     "    'generated_artifacts',  'generated_artifacts_jsonb'  jsonb,", || 3103:execution_candidate:     "    'generated_artifacts',  'generated_artifacts_jsonb'  jsonb,", || 3105:artifact_candidate:     "    'summary_text',  'output_summary_ja',", || 3105:execution_candidate:     "    'summary_text',  'output_summary_ja',",
960	999	39	9	970:execution_candidate:       deliverable_package  deliverablePackage, || 971:artifact_candidate:       deliverable_link  deliverablePackage.zip_link, || 971:execution_candidate:       deliverable_link  deliverablePackage.zip_link, || 972:artifact_candidate:       generated_artifacts  generatedArtifacts.map((artifact, index) => aiwB6R95R3D1NormalizeGeneratedArtifact(artifact, index)), || 972:execution_candidate:       generated_artifacts  generatedArtifacts.map((artifact, index) => aiwB6R95R3D1NormalizeGeneratedArtifact(artifact, index)),
3160	3199	36	16	3160:artifact_candidate:     deliverable_zip_link  deliverable.deliverablePackage.zip_link, || 3160:execution_candidate:     deliverable_zip_link  deliverable.deliverablePackage.zip_link, || 3161:artifact_candidate:     generated_artifacts_jsonb  JSON.stringify(deliverable.generatedArtifacts.map((artifact, index) => aiwB6R95R3D1NormalizeGeneratedArtifact(artifact, index))), || 3161:execution_candidate:     generated_artifacts_jsonb  JSON.stringify(deliverable.generatedArtifacts.map((artifact, index) => aiwB6R95R3D1NormalizeGeneratedArtifact(artifact, index))), || 3168:artifact_candidate:   return aiwB6R95R3D1CreateZipAndAttach(responsePayload, deliverable);
2440	2479	32	8	2467:artifact_candidate:     const nextStepLike = /next_steps|nextSteps|next_step|nextStep|summary_text|summaryText|deliverable_ref|deliverableRef/i.test(path) || || 2467:execution_candidate:     const nextStepLike = /next_steps|nextSteps|next_step|nextStep|summary_text|summaryText|deliverable_ref|deliverableRef/i.test(path) || || 2468:artifact_candidate:       text.includes("依頼元アプリでsummary_textとdeliverable_ref/linkを保存する") || || 2468:execution_candidate:       text.includes("依頼元アプリでsummary_textとdeliverable_ref/linkを保存する") || || 2473:artifact_candidate:     const nonMainArtifactPathLike = /qualityNotes|quality_notes|unresolvedIssues|unresolved_issues|nextSteps|next_steps|summary_text|summaryText|deliverable_ref|deliverableRef/i.test(path);
2640	2679	29	11	2640:execution_candidate:   return artifacts.map(aiwB6R95R3D1NormalizeGeneratedArtifact); || 2643:artifact_candidate: function aiwB6R95R3D1ZipCrc32(buffer) { || 2644:artifact_candidate:   let table = aiwB6R95R3D1ZipCrc32._table; || 2654:artifact_candidate:     aiwB6R95R3D1ZipCrc32._table = table; || 2663:artifact_candidate: function aiwB6R95R3D1ZipDosDateTime(date) {
3120	3159	29	7	3124:artifact_candidate:     "    'generated_artifacts',  'generated_artifacts_jsonb'  jsonb,", || 3124:execution_candidate:     "    'generated_artifacts',  'generated_artifacts_jsonb'  jsonb,", || 3125:artifact_candidate:     "    'deliverable_link',  'deliverable_zip_link',", || 3126:execution_candidate:     "    'deliverable_package',  'deliverable_package_jsonb'  jsonb,", || 3127:artifact_candidate:     "    'deliverable_ref', jsonb_build_object(",
3440	3479	28	8	3441:artifact_candidate:     (result && result.requester_delivery_payload && result.requester_delivery_payload.summary_text) || || 3441:execution_candidate:     (result && result.requester_delivery_payload && result.requester_delivery_payload.summary_text) || || 3442:artifact_candidate:     (result && result.deliverable && result.deliverable.summary_text) || || 3442:execution_candidate:     (result && result.deliverable && result.deliverable.summary_text) || || 3443:artifact_candidate:     (result && result.summary_text) ||
1920	1959	26	6	1933:execution_candidate:   if (Array.isArray(safeDeliverable.generatedArtifacts)) { || 1934:execution_candidate:     safeDeliverable.generatedArtifacts = safeDeliverable.generatedArtifacts.map((artifact) => { || 1942:artifact_candidate:   if (safeDeliverable.outputPayload && Array.isArray(safeDeliverable.outputPayload.generated_artifacts)) { || 1942:execution_candidate:   if (safeDeliverable.outputPayload && Array.isArray(safeDeliverable.outputPayload.generated_artifacts)) { || 1943:artifact_candidate:     safeDeliverable.outputPayload.generated_artifacts = safeDeliverable.outputPayload.generated_artifacts.map((artifact) => {
3240	3279	24	10	3242:response_candidate:       return sendJson(res, 200, { || 3254:route_candidate:     if (req.method === "POST" && url.pathname === "/aiworker/v1/runtime-execution/request") { || 3254:execution_candidate:     if (req.method === "POST" && url.pathname === "/aiworker/v1/runtime-execution/request") { || 3260:response_candidate:         return sendJson(res, 400, { || 3263:response_candidate:           message  "Request body must be valid JSON."
840	879	24	6	848:artifact_candidate:   const deliverablePackage = aiwB6R95R3D1BuildZipPackageMeta(requesterAppRef, taskTitle); || 848:execution_candidate:   const deliverablePackage = aiwB6R95R3D1BuildZipPackageMeta(requesterAppRef, taskTitle); || 850:artifact_candidate:     `AIWorkerOSが${modelCode}を成果物生成主体として、${taskTitle}の一次成果物と一次サマリを作成しました。依頼元アプリはこのsummary_textとdeliverable_ref/linkを保存してレビューに利用できます。`, || 850:execution_candidate:     `AIWorkerOSが${modelCode}を成果物生成主体として、${taskTitle}の一次成果物と一次サマリを作成しました。依頼元アプリはこのsummary_textとdeliverable_ref/linkを保存してレビューに利用できます。`, || 870:artifact_candidate:     "依頼元アプリでsummary_textとdeliverable_ref/linkを保存する。",
920	959	21	5	948:execution_candidate:     deliverable_package  deliverablePackage, || 949:artifact_candidate:     deliverable_link  deliverablePackage.zip_link, || 949:execution_candidate:     deliverable_link  deliverablePackage.zip_link, || 950:artifact_candidate:     generated_artifacts  generatedArtifacts.map((artifact, index) => aiwB6R95R3D1NormalizeGeneratedArtifact(artifact, index)), || 950:execution_candidate:     generated_artifacts  generatedArtifacts.map((artifact, index) => aiwB6R95R3D1NormalizeGeneratedArtifact(artifact, index)),
3200	3239	20	16	3202:route_candidate:     if (req.method === "GET" && url.pathname === "/aiworker/v1/runtime-execution/persistent-smoke") { || 3203:response_candidate:       return sendJson(res, 200, { result  "ok", data  persistentSmoke() }); || 3206:route_candidate:     if (req.method === "GET" && url.pathname === "/aiworker/v1/runtime-execution/pipeline-board") { || 3207:response_candidate:       return sendJson(res, 200, { result  "ok", data  pipelineBoard(url.searchParams) }); || 3210:route_candidate:     if (req.method === "GET" && url.pathname === "/aiworker/v1/runtime-execution/app-read-payload") {
3800	3839	17	5	3800:execution_candidate:   if (process.env.AIWORKER_QUEUE_CONSUMER_ENABLED === "0") { || 3809:execution_candidate:   const intervalMs = Math.max(1000, Number(process.env.AIWORKER_QUEUE_CONSUMER_INTERVAL_MS || "5000") || 5000); || 3813:route_candidate:       console.error("[B6R97R14] startup consumer failed", String(error && error.message ? error.message   error).replace(/postgres(? ql)? \/\/[^\s]+/gi, "[DB_URL_REDACTED]").split("\n").slice(0, 8).join("\n")); || 3819:route_candidate:       console.error("[B6R97R14] interval consumer failed", String(error && error.message ? error.message   error).replace(/postgres(? ql)? \/\/[^\s]+/gi, "[DB_URL_REDACTED]").split("\n").slice(0, 8).join("\n")); || 3836:execution_candidate: // Deletes only AICM runtime-source-files/tmp files after worker_unit reaches completed/review_waiting.
3560	3599	16	4	3572:artifact_candidate:     "    delivery_summary_text,", || 3572:execution_candidate:     "    delivery_summary_text,", || 3593:execution_candidate:     "    'AIWorkerOS consumer generated deliverable, summary, and delivery package.',", || 3594:artifact_candidate:     "    'AIWorkerOS consumer generated deliverable, summary, and zip link.',",
3680	3719	16	4	3681:artifact_candidate:     "      delivery_summary_text = " + aiwB6R97R14SqlLiteral(summary) + ",", || 3681:execution_candidate:     "      delivery_summary_text = " + aiwB6R97R14SqlLiteral(summary) + ",", || 3704:artifact_candidate:     "    delivery_summary_text,", || 3704:execution_candidate:     "    delivery_summary_text,",
3960	3999	15	11	3964:route_candidate:     const target = aiwB6R98R4F1CPath.resolve(aiwB6R98R4F1CText(rawPath)); || 3965:route_candidate:     if (!aiwB6R98R4F1CIsUnderTmpRoot(target)) { || 3966:response_candidate:       skipped.push({ path  rawPath, reason  "outside_tmp_root" }); || 3971:route_candidate:       if (aiwB6R98R4F1CFs.existsSync(target) && aiwB6R98R4F1CFs.statSync(target).isFile()) { || 3972:route_candidate:         aiwB6R98R4F1CFs.unlinkSync(target);
800	839	15	3	819:execution_candidate:   const roleLayerCode = aiwB6R95R3R3OneLine(payload.role_layer_code || payload.roleLayerCode, "runtime_resolved_by_aiworker"); || 820:execution_candidate:   const seriesCode = aiwB6R95R3R3OneLine(payload.series_code || payload.seriesCode, "runtime_resolved_by_aiworker"); || 821:execution_candidate:   const capabilityProfileCode = aiwB6R95R3R3OneLine(payload.capability_profile_code || payload.capabilityProfileCode, "runtime_resolved_by_aiworker");
720	759	13	9	725:route_candidate:     request_id  query.get("request_id") || "", || 726:route_candidate:     request_code  query.get("request_code") || "", || 727:route_candidate:     app_surface_code  query.get("app_surface_code") || "", || 728:route_candidate:     limit  normalizeLimit(query.get("limit")) || 738:execution_candidate:       left join aiworker.runtime_execution_request rr
2400	2439	13	3	2405:execution_candidate:       /generatedArtifacts\[[0-9]+\]\.(bodyMarkdown|body_markdown|output_body_ja)$/i.test(path) || || 2406:artifact_candidate:       /generated_artifacts\[[0-9]+\]\.(bodyMarkdown|body_markdown|output_body_ja)$/i.test(path); || 2406:execution_candidate:       /generated_artifacts\[[0-9]+\]\.(bodyMarkdown|body_markdown|output_body_ja)$/i.test(path);
2880	2919	13	3	2918:execution_candidate:   merged.generatedArtifacts = patchArtifactArray(merged.generatedArtifacts); || 2919:artifact_candidate:   merged.generated_artifacts = patchArtifactArray(merged.generated_artifacts); || 2919:execution_candidate:   merged.generated_artifacts = patchArtifactArray(merged.generated_artifacts);
400	439	12	8	420:execution_candidate:     body.runtime_execution_request_id || 430:route_candidate:   const returnTargetType = aiwB6R44fText(body.return_target_type || metadata.return_target_type || source.return_target_type); || 431:route_candidate:   const returnTargetId = aiwB6R44fText(body.return_target_id || metadata.return_target_id || source.return_target_id); || 432:route_candidate:   const reexecuteTargetType = aiwB6R44fText(body.reexecute_target_type || metadata.reexecute_target_type || source.reexecute_target_type); || 433:route_candidate:   const reexecuteTargetId = aiwB6R44fText(body.reexecute_target_id || metadata.reexecute_target_id || source.reexecute_target_id);
1720	1759	12	6	1723:response_candidate:       rejected.push({ path  candidate, reason  "max_files_exceeded" }); || 1732:response_candidate:         rejected.push({ path  candidate, reason  "outside_allowed_roots" }); || 1742:response_candidate:         rejected.push({ path  candidate, reason  "unsupported_source_extension", media_type  aiwB6R97R67MaterialType }); || 1748:response_candidate:         rejected.push({ path  candidate, reason  "not_found" }); || 1754:response_candidate:         rejected.push({ path  candidate, reason  "not_file" });
3520	3559	12	4	3531:route_candidate:     "  from target t", || 3545:artifact_candidate:     "    delivery_summary_text = coalesce(nullif(h.delivery_summary_text,''), 'AIWorkerOS consumer generated deliverable, summary, and delivery package.'),", || 3545:execution_candidate:     "    delivery_summary_text = coalesce(nullif(h.delivery_summary_text,''), 'AIWorkerOS consumer generated deliverable, summary, and delivery package.'),", || 3546:artifact_candidate:     "    main_changes_text = coalesce(nullif(h.main_changes_text,''), 'AIWorkerOS consumer generated deliverable, summary, and zip link.'),",
760	799	11	5	766:route_candidate:     request_id  query.get("request_id") || "", || 767:route_candidate:     request_code  query.get("request_code") || "", || 768:route_candidate:     limit  normalizeLimit(query.get("limit")) || 782:artifact_candidate:   - Requester apps store summary_text plus deliverable_ref / deliverable_link. || 782:execution_candidate:   - Requester apps store summary_text plus deliverable_ref / deliverable_link.
3400	3439	11	3	3424:execution_candidate:     (result && result.runtime_request_id) || || 3433:artifact_candidate:     (result && result.deliverable_ref && result.deliverable_ref.id) || || 3434:artifact_candidate:     (result && result.requester_delivery_payload && result.requester_delivery_payload.deliverable_ref && result.requester_delivery_payload.deliverable_ref.id) ||
0	39	10	2	6:execution_candidate: async function gkd4eR3RunRuntimeGuardrailPreflight(runtimeRequest) { || 7:execution_candidate:   return guardrailRuntimePreflight.runAndPersistGuardrailPreflight(runtimeRequest);
2560	2599	10	2	2578:execution_candidate:   const provided = Array.isArray(deliverable?.generatedArtifacts) ? deliverable.generatedArtifacts   []; || 2584:execution_candidate:       const normalized = aiwB6R95R3D1NormalizeGeneratedArtifact(item, index);
3040	3079	10	2	3057:execution_candidate:     "  select aiworker.fn_runtime_execution_create_request_with_route_v1(", || 3071:execution_candidate:     "  select aiworker.fn_runtime_execution_submit_worker_output(",
3760	3799	10	2	3765:execution_candidate:   const limit = Math.max(1, Number(process.env.AIWORKER_QUEUE_CONSUMER_BATCH_LIMIT || "5") || 5); || 3784:execution_candidate:         const result = createRuntimeRequest(payload, idempotencyKey);
480	519	9	3	488:response_candidate: // AIWORKEROS_V10L_C2G_B6R44G_R4_SENDJSON_SOURCE_ROUTE_HELPER_START || 491:response_candidate:   SendJson boundary wrapper. || 500:execution_candidate:   if (row.request_id || row.runtime_execution_request_id || row.request_code) return true;
560	599	8	4	591:response_candidate: function sendJson(res, status, payload) { || 592:response_candidate:   // AIWORKEROS_V10L_C2G_B6R44G_R4_SENDJSON_BODY_WRAP_START || 596:response_candidate:     // Keep sendJson stable for non-runtime payloads. || 598:response_candidate:   // AIWORKEROS_V10L_C2G_B6R44G_R4_SENDJSON_BODY_WRAP_END
1120	1159	8	2	1122:artifact_candidate:     if (!terms.includes(v) && !/してください|成果物|summary|generated|artifacts|link|zip/.test(v)) terms.push(v); || 1122:execution_candidate:     if (!terms.includes(v) && !/してください|成果物|summary|generated|artifacts|link|zip/.test(v)) terms.push(v);
1360	1399	8	2	1371:artifact_candidate:   blocks.push("依頼元アプリは summary_text と deliverable_link を保存し、必要に応じて追加条件を指定して再生成できます。"); || 1371:execution_candidate:   blocks.push("依頼元アプリは summary_text と deliverable_link を保存し、必要に応じて追加条件を指定して再生成できます。");
320	359	8	2	336:artifact_candidate:     summary_text  role + " role produced a stable minimum deliverable.", || 336:execution_candidate:     summary_text  role + " role produced a stable minimum deliverable.",
3720	3759	7	3	3726:artifact_candidate:     "    'AIWorkerOS consumer generated deliverable, summary, and zip link.',", || 3754:response_candidate:     lastReason  "", || 3759:response_candidate:   if (state.running) return { skipped  true, reason  "already_running" };
3280	3319	7	2	3282:response_candidate:       message  err.message, || 3300:execution_candidate: // This consumer scans waiting/retryable work, claims it, calls existing createRuntimeRequest,
600	639	5	3	600:response_candidate:   res.writeHead(status, { || 604:response_candidate:   res.end(JSON.stringify(aiwB6R96R1G2EnsureRequesterDeliveryPayload(payload, null, 2))); || 637:route_candidate:  * were not substituted and were sent to PostgreSQL as-is.
1040	1079	5	1	1069:execution_candidate:   for (const nestedKey of ["payload", "request_payload", "input_json", "body", "request", "runtime_request"]) {
1480	1519	5	1	1515:execution_candidate:   ["payload", "request_payload", "input_json", "body", "request", "runtime_request", "metadata_jsonb", "metadata"].forEach((key) => {
2040	2079	5	1	2040:execution_candidate: function aiwB6R95R3D1NormalizeGeneratedArtifact(item, index) {
2520	2559	5	1	2548:execution_candidate: function aiwB6R95R3D1BuildGeneratedArtifacts(deliverable) {
40	79	5	1	76:execution_candidate:     payload.runtime_request_id ||
680	719	5	1	716:execution_candidate:       left join aiworker.runtime_execution_request rr
880	919	5	1	917:execution_candidate:   const generatedArtifacts = [
1760	1799	4	2	1798:response_candidate:         reason  "read_error", || 1799:response_candidate:         message  error && error.message ? error.message   String(error)
3880	3919	4	2	3889:response_candidate:       ok  false, || 3908:response_candidate:     ok  result.status === 0,
2160	2199	3	1	2163:artifact_candidate: /* AIWORKEROS_B6R97R40_PRE_ZIP_BODY_SOURCE_ORDER_START */
2200	2239	3	1	2220:artifact_candidate:       "zip",
2360	2399	3	1	2368:artifact_candidate: /* AIWORKEROS_B6R97R40_PRE_ZIP_BODY_SOURCE_ORDER_END */
2720	2759	3	1	2734:artifact_candidate: /* AIWORKEROS_B6R97R43_CREATE_ZIP_PROVIDED_BODY_PRIORITY_START */
3360	3399	3	1	3360:artifact_candidate:     "    coalesce(u.metadata_jsonb->>'aiworkeros_execution_state','') in ('waiting','waiting_for_artifact_zip')",
3480	3519	2	2	3505:route_candidate:     "      and pg_get_constraintdef(c.oid) like '%' || " + aiwB6R97R14SqlLiteral(artifactKind) + " || '%'", || 3507:route_candidate:     "), target as (",
3840	3879	2	2	3855:route_candidate:   const target = aiwB6R98R4F1CPath.resolve(aiwB6R98R4F1CText(value)); || 3857:route_candidate:   return target === root || target.startsWith(root + aiwB6R98R4F1CPath.sep);
4000	4039	2	1	4033:response_candidate:     return { ok  true, disabled  true };
4040	4079	2	1	4061:response_candidate:     ok  true,
520	559	2	1	548:response_candidate: // AIWORKEROS_V10L_C2G_B6R44G_R4_SENDJSON_SOURCE_ROUTE_HELPER_END
440	479	1	1	440:route_candidate:   if (reexecuteTargetId) route.reexecute_target_id = reexecuteTargetId;
bucket_start	bucket_end	score	count	examples
