table_name	column_name	status
helpdesk_answer_template	answer_structure	EXISTS
helpdesk_answer_template	answer_template_id	EXISTS
helpdesk_answer_template	example_response	EXISTS
helpdesk_answer_template	forbidden_phrases	EXISTS
helpdesk_answer_template	is_active	EXISTS
helpdesk_answer_template	locale	EXISTS
helpdesk_answer_template	required_disclaimer	EXISTS
helpdesk_answer_template	template_code	EXISTS
helpdesk_answer_template	updated_at	EXISTS
helpdesk_answer_template	use_case	EXISTS
helpdesk_app_support_profile	app_code	EXISTS
helpdesk_app_support_profile	is_active	EXISTS
helpdesk_app_support_profile	support_summary	EXISTS
helpdesk_error_pattern	app_code	EXISTS
helpdesk_error_pattern	detected_from	EXISTS
helpdesk_error_pattern	developer_action	EXISTS
helpdesk_error_pattern	error_code	EXISTS
helpdesk_error_pattern	error_pattern	EXISTS
helpdesk_error_pattern	error_pattern_id	EXISTS
helpdesk_error_pattern	escalation_required	EXISTS
helpdesk_error_pattern	is_active	EXISTS
helpdesk_error_pattern	locale	EXISTS
helpdesk_error_pattern	probable_cause	EXISTS
helpdesk_error_pattern	related_runbook_code	EXISTS
helpdesk_error_pattern	safe_next_action	EXISTS
helpdesk_error_pattern	updated_at	EXISTS
helpdesk_error_pattern	user_facing_explanation	EXISTS
helpdesk_escalation_rule	app_code	EXISTS
helpdesk_escalation_rule	blocks_ai_answer	EXISTS
helpdesk_escalation_rule	escalation_rule_id	EXISTS
helpdesk_escalation_rule	is_active	EXISTS
helpdesk_escalation_rule	locale	EXISTS
helpdesk_escalation_rule	priority	EXISTS
helpdesk_escalation_rule	risk_level	EXISTS
helpdesk_escalation_rule	rule_code	EXISTS
helpdesk_escalation_rule	target_route	EXISTS
helpdesk_escalation_rule	trigger_condition	EXISTS
helpdesk_escalation_rule	updated_at	EXISTS
helpdesk_escalation_rule	user_message_template_code	EXISTS
helpdesk_operation_flow	app_code	EXISTS
helpdesk_operation_flow	entry_screen_code	EXISTS
helpdesk_operation_flow	failure_condition	EXISTS
helpdesk_operation_flow	flow_code	EXISTS
helpdesk_operation_flow	flow_name	EXISTS
helpdesk_operation_flow	is_active	EXISTS
helpdesk_operation_flow	locale	EXISTS
helpdesk_operation_flow	operation_flow_id	EXISTS
helpdesk_operation_flow	retry_policy	EXISTS
helpdesk_operation_flow	rollback_or_recovery_policy	EXISTS
helpdesk_operation_flow	step_order	EXISTS
helpdesk_operation_flow	success_condition	EXISTS
helpdesk_operation_flow	system_action	EXISTS
helpdesk_operation_flow	updated_at	EXISTS
helpdesk_operation_flow	user_action	EXISTS
helpdesk_qa_entry	answer	EXISTS
helpdesk_qa_entry	app_code	EXISTS
helpdesk_qa_entry	confidence_level	EXISTS
helpdesk_qa_entry	effective_from	EXISTS
helpdesk_qa_entry	effective_to	EXISTS
helpdesk_qa_entry	flow_code	EXISTS
helpdesk_qa_entry	is_active	EXISTS
helpdesk_qa_entry	keywords	EXISTS
helpdesk_qa_entry	locale	EXISTS
helpdesk_qa_entry	qa_entry_id	EXISTS
helpdesk_qa_entry	question	EXISTS
helpdesk_qa_entry	screen_code	EXISTS
helpdesk_qa_entry	sort_order	EXISTS
helpdesk_qa_entry	source_ref	EXISTS
helpdesk_qa_entry	source_type	EXISTS
helpdesk_qa_entry	updated_at	EXISTS
helpdesk_qa_entry	visibility	EXISTS
helpdesk_screen_knowledge	app_code	EXISTS
helpdesk_screen_knowledge	common_mistakes	EXISTS
helpdesk_screen_knowledge	dangerous_actions	EXISTS
helpdesk_screen_knowledge	helpdesk_answer_policy	EXISTS
helpdesk_screen_knowledge	is_active	EXISTS
helpdesk_screen_knowledge	locale	EXISTS
helpdesk_screen_knowledge	main_actions	EXISTS
helpdesk_screen_knowledge	related_error_codes	EXISTS
helpdesk_screen_knowledge	related_flow_codes	EXISTS
helpdesk_screen_knowledge	required_inputs	EXISTS
helpdesk_screen_knowledge	screen_code	EXISTS
helpdesk_screen_knowledge	screen_knowledge_id	EXISTS
helpdesk_screen_knowledge	screen_name	EXISTS
helpdesk_screen_knowledge	screen_purpose	EXISTS
helpdesk_screen_knowledge	sort_order	EXISTS
helpdesk_screen_knowledge	updated_at	EXISTS
helpdesk_supported_app	app_category	EXISTS
helpdesk_supported_app	app_code	EXISTS
helpdesk_supported_app	app_display_name	EXISTS
helpdesk_supported_app	default_locale	EXISTS
helpdesk_supported_app	note	EXISTS
helpdesk_supported_app	public_faq_enabled	EXISTS
helpdesk_supported_app	sort_order	EXISTS
helpdesk_supported_app	support_enabled	EXISTS
helpdesk_supported_app	support_status	EXISTS
helpdesk_supported_app	supported_app_id	EXISTS
helpdesk_supported_app	updated_at	EXISTS
helpdesk_troubleshooting_runbook	app_code	EXISTS
helpdesk_troubleshooting_runbook	check_steps	EXISTS
helpdesk_troubleshooting_runbook	developer_steps	EXISTS
helpdesk_troubleshooting_runbook	escalation_condition	EXISTS
helpdesk_troubleshooting_runbook	evidence_required	EXISTS
helpdesk_troubleshooting_runbook	is_active	EXISTS
helpdesk_troubleshooting_runbook	locale	EXISTS
helpdesk_troubleshooting_runbook	runbook_code	EXISTS
helpdesk_troubleshooting_runbook	runbook_id	EXISTS
helpdesk_troubleshooting_runbook	safe_user_steps	EXISTS
helpdesk_troubleshooting_runbook	stop_condition	EXISTS
helpdesk_troubleshooting_runbook	title	EXISTS
helpdesk_troubleshooting_runbook	trigger_condition	EXISTS
helpdesk_troubleshooting_runbook	updated_at	EXISTS
