aiworker	acceptance_batch_runner_log	postgres	t	f	t	f
aiworker	acceptance_batch_runner_registry	postgres	t	f	f	f
aiworker	acceptance_execution_batch	postgres	t	f	t	f
aiworker	acceptance_test_case	postgres	t	f	t	f
aiworker	acceptance_test_execution	postgres	t	f	t	f
aiworker	acceptance_verification_item	postgres	t	f	t	f
aiworker	acceptance_verification_result	postgres	t	f	t	f
aiworker	acceptance_verification_runbook_log	postgres	t	f	t	f
aiworker	app_read_surface_contract	postgres	t	f	f	f
aiworker	app_runtime_control_policy	postgres	t	f	f	f
aiworker	beyond_model_quality_profile	postgres	t	f	t	f
aiworker	beyond_quality_level_catalog	postgres	t	f	t	f
aiworker	boundary_rule	postgres	t	f	t	f
aiworker	brain_runtime_selection_policy_catalog	postgres	t	f	f	f
aiworker	brain_runtime_selection_smoke_case_catalog	postgres	t	f	f	f
aiworker	business_cross_boundary_smoke_log	postgres	t	f	f	f
aiworker	business_event_contract_registry	postgres	t	f	t	f
aiworker	business_event_validation_log	postgres	t	f	t	f
aiworker	business_support_action_gate	postgres	t	f	t	f
aiworker	business_support_control_package	postgres	t	f	t	f
aiworker	business_support_role_control	postgres	t	f	t	f
aiworker	business_support_role_domain_capability	postgres	t	f	t	f
aiworker	business_support_standard_reference	postgres	t	f	t	f
aiworker	business_support_task_domain	postgres	t	f	t	f
aiworker	chat_worker_v0_activation	postgres	t	f	t	f
aiworker	chat_worker_v0_allowed_reference	postgres	t	f	t	f
aiworker	chat_worker_v0_control_state	postgres	t	f	t	f
aiworker	chat_worker_v0_test_prompt	postgres	t	f	t	f
aiworker	code_family	postgres	t	f	t	f
aiworker	code_value	postgres	t	f	t	f
aiworker	command_authority_role_catalog	postgres	t	f	f	f
aiworker	command_row	postgres	t	f	t	f
aiworker	company_ai_usage_tendency	postgres	t	f	f	t
aiworker	company_style_policy	postgres	t	f	t	f
aiworker	control_policy_package	postgres	t	f	t	f
aiworker	conversation_profile	postgres	t	f	t	f
aiworker	conversation_profile_step	postgres	t	f	t	f
aiworker	conversation_reference_scope	postgres	t	f	t	f
aiworker	developer_company_master	postgres	t	f	t	f
aiworker	draft_row	postgres	t	f	t	f
aiworker	event_outbox	postgres	t	f	t	t
aiworker	expression_rule	postgres	t	f	t	f
aiworker	guardrail_candidate_intake	postgres	t	f	f	f
aiworker	guardrail_evidence_link	postgres	t	f	f	f
aiworker	guardrail_failure_pattern	postgres	t	f	f	f
aiworker	guardrail_mistake_case	postgres	t	f	f	f
aiworker	guardrail_preflight_template	postgres	t	f	f	f
aiworker	guardrail_response_runbook	postgres	t	f	f	f
aiworker	guardrail_rule	postgres	t	f	f	f
aiworker	guardrail_runtime_check_result	postgres	t	f	f	f
aiworker	guardrail_scope_binding	postgres	t	f	f	f
aiworker	interaction_style_catalog	postgres	t	f	t	f
aiworker	internal_pipeline_acceptance_check	postgres	t	f	t	f
aiworker	internal_pipeline_acceptance_package	postgres	t	f	t	f
aiworker	leader_mock_review	postgres	t	f	t	f
aiworker	learning_delta_log	postgres	t	f	t	f
aiworker	manager_instruction_acceptance	postgres	t	f	t	f
aiworker	manager_instruction_assignment	postgres	t	f	t	f
aiworker	manager_instruction_gate_log	postgres	t	f	t	f
aiworker	manager_instruction_plan	postgres	t	f	t	f
aiworker	manager_instruction_task	postgres	t	f	t	f
aiworker	manager_mock_final_gate	postgres	t	f	t	f
aiworker	manager_work_instruction	postgres	t	f	t	f
aiworker	manufacturer_catalog	postgres	t	f	t	f
aiworker	megami_model_profile	postgres	t	f	t	f
aiworker	model_identity_spec	postgres	t	f	t	f
aiworker	model_public_appearance_profile	postgres	t	f	f	f
aiworker	model_public_registry	postgres	t	f	t	f
aiworker	model_runtime_control_override	postgres	t	f	f	f
aiworker	model_service_assignment	postgres	t	f	t	f
aiworker	model_style_assignment	postgres	t	f	t	f
aiworker	official_intake_request	postgres	t	f	t	t
aiworker	payload_document	postgres	t	f	t	f
aiworker	payload_schema_catalog	postgres	t	f	t	f
aiworker	payload_validation_log	postgres	t	f	f	f
aiworker	president_business_plan	postgres	t	f	t	f
aiworker	president_capability_gate	postgres	t	f	t	f
aiworker	president_focus_area_catalog	postgres	t	f	t	f
aiworker	president_focus_decision	postgres	t	f	t	f
aiworker	president_governance_policy	postgres	t	f	t	f
aiworker	president_manager_distribution	postgres	t	f	t	f
aiworker	president_manager_instruction_bridge	postgres	t	f	f	f
aiworker	president_model_catalog	postgres	t	f	t	f
aiworker	president_operation_mode_catalog	postgres	t	f	t	f
aiworker	president_product_plan	postgres	t	f	t	f
aiworker	president_runtime_activation_gate_log	postgres	t	f	f	f
aiworker	president_runtime_control	postgres	t	f	t	f
aiworker	president_staffing_plan	postgres	t	f	t	f
aiworker	president_strategy_cycle	postgres	t	f	t	f
aiworker	public_activity_profile	postgres	t	f	t	f
aiworker	public_metric	postgres	t	f	t	f
aiworker	recovery_execution_log	postgres	t	f	t	f
aiworker	recovery_incident	postgres	t	f	t	f
aiworker	redirect_template	postgres	t	f	t	f
aiworker	replay_decision_log	postgres	t	f	f	f
aiworker	request_lineage_registry	postgres	t	f	t	f
aiworker	restricted_privileged_smoke_log	postgres	t	f	f	f
aiworker	restricted_privileged_smoke_registry	postgres	t	f	f	f
aiworker	result_correlation	postgres	t	f	t	f
aiworker	robot_brain_access_tier_catalog	postgres	t	f	t	f
aiworker	robot_brain_model_domain_policy	postgres	t	f	t	f
aiworker	robot_brain_model_profile	postgres	t	f	t	f
aiworker	robot_brain_personality_exception_policy	postgres	t	f	f	f
aiworker	robot_brain_reference_tier_policy	postgres	t	f	f	f
aiworker	robot_brain_role_policy	postgres	t	f	t	f
aiworker	robot_brain_series_profile	postgres	t	f	t	f
aiworker	robot_breadth_domain_runtime_policy	postgres	t	f	f	f
aiworker	robot_capability_axis_catalog	postgres	t	f	t	f
aiworker	robot_capability_sharing_policy	postgres	t	f	f	f
aiworker	robot_capability_value_catalog	postgres	t	f	t	f
aiworker	robot_catalog_cleanup_audit_log	postgres	t	f	f	f
aiworker	robot_chatstyle_profile_policy	postgres	t	f	f	f
aiworker	robot_material_model_identifier_canon	postgres	t	f	t	f
aiworker	robot_model_capability_profile	postgres	t	f	t	f
aiworker	robot_model_code_deprecation_map	postgres	t	f	f	f
aiworker	robot_model_personality_profile	postgres	t	f	f	t
aiworker	robot_model_public_profile	postgres	t	f	f	t
aiworker	robot_series_behavior_profile	postgres	t	f	f	t
aiworker	robot_series_capability_default	postgres	t	f	t	f
aiworker	robot_series_identifier_canon	postgres	t	f	t	f
aiworker	role_runtime_control_default	postgres	t	f	f	f
aiworker	runtime_control_axis_catalog	postgres	t	f	f	f
aiworker	runtime_control_value_catalog	postgres	t	f	f	f
aiworker	runtime_delivery_package	postgres	t	f	t	f
aiworker	runtime_execution_app_api_contract	postgres	t	f	f	f
aiworker	runtime_execution_event_log	postgres	t	f	t	f
aiworker	runtime_execution_request	postgres	t	f	t	f
aiworker	runtime_execution_state_catalog	postgres	t	f	f	f
aiworker	runtime_execution_transition_log	postgres	t	f	t	f
aiworker	runtime_handoff_packet	postgres	t	f	t	f
aiworker	runtime_leader_review	postgres	t	f	t	f
aiworker	runtime_manager_gate	postgres	t	f	t	f
aiworker	runtime_output_artifact	postgres	t	f	t	f
aiworker	runtime_president_approval	postgres	t	f	t	f
aiworker	runtime_prompt_fragment_catalog	postgres	t	f	f	f
aiworker	runtime_review_gate_log	postgres	t	f	t	f
aiworker	runtime_worker_output	postgres	t	f	t	f
aiworker	series_public_registry	postgres	t	f	f	f
aiworker	series_runtime_control_default	postgres	t	f	f	f
aiworker	series_tendency_axis_catalog	postgres	t	f	t	f
aiworker	series_tendency_profile	postgres	t	f	t	f
aiworker	series_tendency_value_catalog	postgres	t	f	t	f
aiworker	service_catalog	postgres	t	f	t	f
aiworker	smalltalk_profile	postgres	t	f	t	f
aiworker	smalltalk_seed_library	postgres	t	f	t	f
aiworker	smalltalk_topic_catalog	postgres	t	f	t	f
aiworker	smoke_flow_execution_log	postgres	t	f	f	f
aiworker	smoke_seed_registry	postgres	t	f	f	f
aiworker	staging_row	postgres	t	f	t	f
aiworker	state_transition_rule	postgres	t	f	f	f
aiworker	style_expression_overlay	postgres	t	f	t	f
aiworker	style_feature_assignment	postgres	t	f	t	f
aiworker	style_feature_axis_catalog	postgres	t	f	t	f
aiworker	style_feature_profile	postgres	t	f	f	f
aiworker	style_feature_value_catalog	postgres	t	f	t	f
aiworker	style_topic_bias	postgres	t	f	t	f
aiworker	topic_restriction	postgres	t	f	t	f
aiworker	user_ai_usage_tendency	postgres	t	f	f	t
aiworker	worker_assignment_fit_profile	postgres	t	f	t	f
aiworker	worker_assignment_history	postgres	t	f	t	t
aiworker	worker_assignment_state	postgres	t	f	t	t
aiworker	worker_availability_state	postgres	t	f	t	f
aiworker	worker_capability_snapshot	postgres	t	f	t	f
aiworker	worker_company_affinity	postgres	t	f	t	t
aiworker	worker_dispatch_reservation	postgres	t	f	t	f
aiworker	worker_domain_proficiency	postgres	t	f	t	f
aiworker	worker_exception_control_state	postgres	t	f	t	t
aiworker	worker_growth_event	postgres	t	f	t	f
aiworker	worker_growth_profile	postgres	t	f	t	f
aiworker	worker_manufacturer_extension_catalog	postgres	t	f	t	f
aiworker	worker_master	postgres	t	f	t	f
aiworker	worker_mock_output	postgres	t	f	t	f
aiworker	worker_model_capability_profile	postgres	t	f	t	f
aiworker	worker_model_catalog	postgres	t	f	t	f
aiworker	worker_model_extension_catalog	postgres	t	f	t	f
aiworker	worker_privileged_profile	postgres	t	f	t	t
aiworker	worker_queue_membership	postgres	t	f	t	f
aiworker	worker_rebuild_history	postgres	t	f	t	t
aiworker	worker_repair_history	postgres	t	f	t	t
aiworker	worker_restricted_handling_policy	postgres	t	f	t	t
aiworker	worker_role_class_catalog	postgres	t	f	t	f
aiworker	worker_role_proficiency	postgres	t	f	t	f
aiworker	worker_series_catalog	postgres	t	f	t	f
aiworker	worker_series_extension_catalog	postgres	t	f	t	f
aiworker	worker_series_tendency	postgres	t	f	t	f
aiworker	worker_state_change_log	postgres	t	f	t	t
aiworker	worker_user_affinity	postgres	t	f	t	t
cx22073jw	access_activation_request	postgres	t	f	t	f
cx22073jw	access_activation_request_view_decision	postgres	t	f	t	f
cx22073jw	access_activation_review_decision_batch	postgres	t	f	t	f
cx22073jw	access_activation_review_decision_item	postgres	t	f	t	f
cx22073jw	access_activation_review_export_item	postgres	t	f	t	f
cx22073jw	access_activation_review_export_run	postgres	t	f	t	f
cx22073jw	access_actual_view_registry	postgres	t	f	t	f
cx22073jw	access_app_scope_actual_view_allowlist	postgres	t	f	t	f
cx22073jw	access_app_scope_registry	postgres	t	f	t	f
cx22073jw	access_baseline_health_check_item	postgres	t	f	t	f
cx22073jw	access_baseline_health_run	postgres	t	f	t	f
cx22073jw	access_current_state_bundle_export_file	postgres	t	f	t	f
cx22073jw	access_current_state_bundle_export_run	postgres	t	f	t	f
cx22073jw	access_db_role_provision_batch	postgres	t	f	t	f
cx22073jw	access_db_role_provision_item	postgres	t	f	t	f
cx22073jw	access_db_role_registry	postgres	t	f	t	f
cx22073jw	access_domain_master	postgres	t	f	t	f
cx22073jw	access_domain_rule_registry	postgres	t	f	t	f
cx22073jw	access_final_handoff_export_item	postgres	t	f	t	f
cx22073jw	access_final_handoff_export_run	postgres	t	f	t	f
cx22073jw	access_global_rule_registry	postgres	t	f	f	f
cx22073jw	access_governed_apply_attempt_log	postgres	t	f	t	f
cx22073jw	access_governed_apply_batch	postgres	t	f	t	f
cx22073jw	access_governed_apply_batch_item	postgres	t	f	t	f
cx22073jw	access_governed_apply_execution_item	postgres	t	f	t	f
cx22073jw	access_governed_apply_execution_run	postgres	t	f	t	f
cx22073jw	access_governed_apply_queue	postgres	t	f	t	f
cx22073jw	access_grant_export_item	postgres	t	f	t	f
cx22073jw	access_grant_export_run	postgres	t	f	t	f
cx22073jw	access_human_review_action_log	postgres	t	f	t	f
cx22073jw	access_legacy_compat_audit_db_item	postgres	t	f	t	f
cx22073jw	access_legacy_compat_audit_file_item	postgres	t	f	t	f
cx22073jw	access_legacy_compat_audit_run	postgres	t	f	t	f
cx22073jw	access_legacy_cutover_gate_blocker	postgres	t	f	t	f
cx22073jw	access_legacy_cutover_gate_run	postgres	t	f	t	f
cx22073jw	access_legacy_db_blocker_patch_item	postgres	t	f	t	f
cx22073jw	access_legacy_db_blocker_patch_run	postgres	t	f	t	f
cx22073jw	access_legacy_retirement_plan_item	postgres	t	f	t	f
cx22073jw	access_legacy_retirement_plan_run	postgres	t	f	t	f
cx22073jw	access_manual_apply_confirmation_log	postgres	t	f	t	f
cx22073jw	access_manual_apply_receipt_batch	postgres	t	f	t	f
cx22073jw	access_manual_apply_receipt_item	postgres	t	f	t	f
cx22073jw	access_post_apply_verification_item	postgres	t	f	t	f
cx22073jw	access_post_apply_verification_run	postgres	t	f	t	f
cx22073jw	access_rank_registry	postgres	t	f	t	f
cx22073jw	access_role_access_bundle_item	postgres	t	f	t	f
cx22073jw	access_role_access_bundle_master	postgres	t	f	t	f
cx22073jw	access_role_actual_view_grant_skeleton	postgres	t	f	t	f
cx22073jw	access_role_master	postgres	t	f	t	f
cx22073jw	access_role_view_family_policy	postgres	t	f	t	f
cx22073jw	access_route_master	postgres	t	f	t	f
cx22073jw	access_runtime_ready_promotion_batch	postgres	t	f	t	f
cx22073jw	access_runtime_ready_promotion_item	postgres	t	f	t	f
cx22073jw	access_stub_smoke_item	postgres	t	f	t	f
cx22073jw	access_stub_smoke_run	postgres	t	f	t	f
cx22073jw	access_stub_view_generation_item	postgres	t	f	t	f
cx22073jw	access_stub_view_generation_run	postgres	t	f	t	f
cx22073jw	access_view_family_actual_view_map	postgres	t	f	t	f
cx22073jw	access_view_family_master	postgres	t	f	t	f
cx22073jw	access_view_naming_rule_registry	postgres	t	f	t	f
cx22073jw	area_exact_contract_snapshot	postgres	t	f	t	f
cx22073jw	area_payload_contract_registry	postgres	t	f	t	f
cx22073jw	asset_marketplace_listing_projection_area	postgres	t	f	t	f
cx22073jw	asset_metadata_localization_area	postgres	t	f	t	f
cx22073jw	asset_rights_policy_area	postgres	t	f	t	f
cx22073jw	brain_data_depth_catalog	postgres	t	f	t	f
cx22073jw	brain_data_domain_catalog	postgres	t	f	t	f
cx22073jw	brain_data_granularity_catalog	postgres	t	f	t	f
cx22073jw	brain_data_registry	postgres	t	f	t	f
cx22073jw	brain_data_risk_class_catalog	postgres	t	f	t	f
cx22073jw	brain_data_use_purpose_catalog	postgres	t	f	f	f
cx22073jw	brain_detail_axis_catalog	postgres	t	f	t	f
cx22073jw	brain_detail_expansion_unit	postgres	t	f	t	f
cx22073jw	brain_domain_breadth_candidate_catalog	postgres	t	f	f	f
cx22073jw	brain_full_load_fill_axis_catalog	postgres	t	f	f	f
cx22073jw	brain_full_load_lane05_run_snapshot	postgres	t	f	f	f
cx22073jw	brain_full_load_scope_catalog	postgres	t	f	t	f
cx22073jw	brain_knowledge_unit	postgres	t	f	t	f
cx22073jw	brain_reference_quality_metadata	postgres	t	f	f	f
cx22073jw	brain_source_candidate_registry	postgres	t	f	f	f
cx22073jw	brain_source_object_ingestion_catalog	postgres	t	f	t	f
cx22073jw	brain_source_object_mapping_rule_catalog	postgres	t	f	t	f
cx22073jw	business_support_knowledge_material	postgres	t	f	f	f
cx22073jw	business_support_knowledge_package	postgres	t	f	t	f
cx22073jw	business_support_topic	postgres	t	f	t	f
cx22073jw	candidate_area_boundary_rule	postgres	t	f	t	f
cx22073jw	candidate_area_registry	postgres	t	f	t	f
cx22073jw	candidate_area_tag	postgres	t	f	t	f
cx22073jw	candidate_ledger_source_registry	postgres	t	f	t	f
cx22073jw	civilization_exam_question_bank	postgres	t	f	f	f
cx22073jw	civilization_exam_question_choice	postgres	t	f	f	f
cx22073jw	civilization_foundation_history_detail_entry	postgres	t	f	f	f
cx22073jw	civilization_foundation_history_entry	postgres	t	f	t	f
cx22073jw	compatibility_profile_master	postgres	t	f	t	f
cx22073jw	compatibility_rule	postgres	t	f	t	f
cx22073jw	contract_remediation_batch	postgres	t	f	t	f
cx22073jw	contract_remediation_item	postgres	t	f	t	f
cx22073jw	currency_amount_reference	postgres	t	f	t	f
cx22073jw	earth_history_detail_entry	postgres	t	f	f	f
cx22073jw	earth_history_knowledge_entry	postgres	t	f	t	f
cx22073jw	entity_master	postgres	t	f	t	f
cx22073jw	exact_contract_profile_master	postgres	t	f	t	f
cx22073jw	exact_contract_sample_case_registry	postgres	t	f	t	f
cx22073jw	exact_contract_sample_run_log	postgres	t	f	t	f
cx22073jw	exact_payload_validation_issue_log	postgres	t	f	t	f
cx22073jw	executive_strategy_knowledge_package	postgres	t	f	t	f
cx22073jw	executive_strategy_material	postgres	t	f	f	f
cx22073jw	executive_strategy_topic	postgres	t	f	t	f
cx22073jw	exhibition_projection_area	postgres	t	f	t	f
cx22073jw	foundation_domain_master	postgres	t	f	t	f
cx22073jw	foundation_knowledge_material	postgres	t	f	t	f
cx22073jw	foundation_knowledge_topic	postgres	t	f	t	f
cx22073jw	foundation_optimization_job	postgres	t	f	t	f
cx22073jw	generation_profile_master	postgres	t	f	t	f
cx22073jw	history_knowledge_entry	postgres	t	f	t	f
cx22073jw	jurisdiction_region_reference	postgres	t	f	t	f
cx22073jw	knowledge_article	postgres	t	f	t	f
cx22073jw	knowledge_chunk	postgres	t	f	t	f
cx22073jw	knowledge_entry	postgres	t	f	f	f
cx22073jw	multilingual_term_dictionary	postgres	t	f	t	f
cx22073jw	official_prepare_generation_registry	postgres	t	f	t	f
cx22073jw	official_prepare_generation_registry_log	postgres	t	f	t	f
cx22073jw	official_prepare_queue_item	postgres	t	f	t	f
cx22073jw	official_prepare_queue_item_log	postgres	t	f	t	f
cx22073jw	official_prepare_queue_master	postgres	t	f	t	f
cx22073jw	phase1_skeleton_apply_batch	postgres	t	f	t	f
cx22073jw	phase1_skeleton_apply_item_log	postgres	t	f	t	f
cx22073jw	privilege_tier_master	postgres	t	f	t	f
cx22073jw	privileged_access_audit_log	postgres	t	f	t	f
cx22073jw	privileged_policy_profile	postgres	t	f	t	f
cx22073jw	privileged_route_policy_binding	postgres	t	f	t	f
cx22073jw	projection_common_column_contract_master	postgres	t	f	t	f
cx22073jw	published_knowledge_catalog	postgres	t	f	t	f
cx22073jw	published_knowledge_quality_metric	postgres	t	f	t	f
cx22073jw	publishing_asset_area	postgres	t	f	t	f
cx22073jw	readiness_gate_master	postgres	t	f	t	f
cx22073jw	readiness_gate_result	postgres	t	f	t	f
cx22073jw	readiness_gate_rule_master	postgres	t	f	t	f
cx22073jw	readiness_gate_run	postgres	t	f	t	f
cx22073jw	relation_knowledge	postgres	t	f	t	f
cx22073jw	restriction_rule	postgres	t	f	t	f
cx22073jw	review_case_area	postgres	t	f	t	f
cx22073jw	robot_model_role_reference_binding	postgres	t	f	t	f
cx22073jw	robot_role_knowledge_pack	postgres	t	f	t	f
cx22073jw	robot_role_knowledge_registration_run	postgres	t	f	f	f
cx22073jw	robot_role_knowledge_topic_binding	postgres	t	f	t	f
cx22073jw	robot_role_series_supplement	postgres	t	f	t	f
cx22073jw	seasonal_event_content_link	postgres	t	f	t	f
cx22073jw	seasonal_event_master	postgres	t	f	t	f
cx22073jw	secret_asset	postgres	t	f	t	f
cx22073jw	secret_asset_category_master	postgres	t	f	t	f
cx22073jw	secret_route_binding	postgres	t	f	t	f
cx22073jw	secret_target_master	postgres	t	f	t	f
cx22073jw	secret_target_selector_master	postgres	t	f	t	f
cx22073jw	source_review_registry	postgres	t	f	t	f
cx22073jw	source_to_cx_fixed_contract_release	postgres	t	f	t	f
cx22073jw	source_to_cx_fixed_contract_release_key	postgres	t	f	t	f
cx22073jw	source_to_cx_fixed_contract_release_target	postgres	t	f	t	f
cx22073jw	static_art_asset_area	postgres	t	f	t	f
cx22073jw	staticart_delivery_closeout_run	postgres	t	f	t	f
cx22073jw	staticart_final_completion_certificate	postgres	t	f	t	f
cx22073jw	staticart_final_handoff_package	postgres	t	f	t	f
cx22073jw	staticart_final_handoff_package_item	postgres	t	f	t	f
cx22073jw	staticart_handoff_export_batch	postgres	t	f	t	f
cx22073jw	staticart_handoff_export_item	postgres	t	f	t	f
cx22073jw	staticart_knowledge_pack_run	postgres	t	f	t	f
cx22073jw	staticart_knowledge_pack_run_item	postgres	t	f	t	f
cx22073jw	staticart_knowledge_pack_sample_registry	postgres	t	f	t	f
cx22073jw	staticart_resume_pack_run	postgres	t	f	t	f
cx22073jw	streaming_category_tree_area	postgres	t	f	t	f
cx22073jw	streaming_connector_audit_area	postgres	t	f	t	f
cx22073jw	streaming_continue_watching_area	postgres	t	f	t	f
cx22073jw	streaming_creator_asset_area	postgres	t	f	t	f
cx22073jw	streaming_marketplace_listing_area	postgres	t	f	t	f
cx22073jw	streaming_membership_program_area	postgres	t	f	t	f
cx22073jw	streaming_membership_rule_area	postgres	t	f	t	f
cx22073jw	streaming_paid_video_offer_area	postgres	t	f	t	f
cx22073jw	streaming_progress_resume_area	postgres	t	f	t	f
cx22073jw	streaming_publish_setting_area	postgres	t	f	t	f
cx22073jw	streaming_revenue_split_area	postgres	t	f	t	f
cx22073jw	streaming_view_history_area	postgres	t	f	t	f
cx22073jw	summary_registry	postgres	t	f	t	f
cx22073jw	system_to_cx_knowledge_transfer_block	postgres	t	f	t	f
cx22073jw	system_to_cx_knowledge_transfer_field	postgres	t	f	t	f
cx22073jw	system_to_cx_knowledge_transfer_profile	postgres	t	f	t	f
cx22073jw	system_to_cx_knowledge_transfer_rule_item	postgres	t	f	t	f
cx22073jw	system_to_cx_transfer_area_binding	postgres	t	f	t	f
cx22073jw	system_to_cx_transfer_contract_binding_snapshot	postgres	t	f	t	f
cx22073jw	system_to_cx_transfer_field_slot_binding	postgres	t	f	t	f
cx22073jw	template_fragment_binding	postgres	t	f	t	f
cx22073jw	template_fragment_registry	postgres	t	f	t	f
cx22073jw	template_registry	postgres	t	f	t	f
cx22073jw	topic_material	postgres	t	f	t	f
cx22073jw	topic_reference	postgres	t	f	t	f
cx22073jw	unit_conversion_rule	postgres	t	f	t	f
cx22073jw	unit_reference	postgres	t	f	t	f
