aiworker	fn_apply_worker_assignment_state	p_intake_id uuid, p_actor_type text, p_actor_id text, p_worker_id uuid, p_business_request_id uuid, p_gate_code text, p_requested_transition_code text, p_target_truth_surface text, p_payload_ref text, p_approval_ticket_id text, p_audit_required_flag boolean, p_reason_code text, p_requested_at timestamp with time zone	TABLE(success_flag boolean, result_code text, aiworker_status_code text, summary_code text, state_family_code text, old_state_code text, new_state_code text, related_entity_id uuid, event_id uuid, emitted_at timestamp with time zone)	v	f
aiworker	fn_apply_worker_availability_state	p_intake_id uuid, p_actor_type text, p_actor_id text, p_worker_id uuid, p_business_request_id uuid, p_gate_code text, p_requested_transition_code text, p_target_truth_surface text, p_payload_ref text, p_approval_ticket_id text, p_audit_required_flag boolean, p_reason_code text, p_requested_at timestamp with time zone	TABLE(success_flag boolean, result_code text, aiworker_status_code text, summary_code text, state_family_code text, old_state_code text, new_state_code text, related_entity_id uuid, event_id uuid, emitted_at timestamp with time zone)	v	f
aiworker	fn_apply_worker_growth_event	p_intake_id uuid, p_actor_type text, p_actor_id text, p_worker_id uuid, p_business_request_id uuid, p_gate_code text, p_requested_transition_code text, p_target_truth_surface text, p_payload_ref text, p_approval_ticket_id text, p_audit_required_flag boolean, p_reason_code text, p_requested_at timestamp with time zone	TABLE(success_flag boolean, result_code text, aiworker_status_code text, summary_code text, state_family_code text, old_state_code text, new_state_code text, related_entity_id uuid, event_id uuid, emitted_at timestamp with time zone)	v	f
aiworker	fn_apply_worker_privileged_context_change	p_intake_id uuid, p_actor_type text, p_actor_id text, p_worker_id uuid, p_business_request_id uuid, p_gate_code text, p_requested_transition_code text, p_target_truth_surface text, p_payload_ref text, p_approval_ticket_id text, p_audit_required_flag boolean, p_reason_code text, p_requested_at timestamp with time zone	TABLE(success_flag boolean, result_code text, aiworker_status_code text, summary_code text, state_family_code text, old_state_code text, new_state_code text, related_entity_id uuid, event_id uuid, emitted_at timestamp with time zone)	v	f
aiworker	fn_apply_worker_rebuild_transition	p_intake_id uuid, p_actor_type text, p_actor_id text, p_worker_id uuid, p_business_request_id uuid, p_gate_code text, p_requested_transition_code text, p_target_truth_surface text, p_payload_ref text, p_approval_ticket_id text, p_audit_required_flag boolean, p_reason_code text, p_requested_at timestamp with time zone	TABLE(success_flag boolean, result_code text, aiworker_status_code text, summary_code text, state_family_code text, old_state_code text, new_state_code text, related_entity_id uuid, event_id uuid, emitted_at timestamp with time zone)	v	f
aiworker	fn_apply_worker_repair_transition	p_intake_id uuid, p_actor_type text, p_actor_id text, p_worker_id uuid, p_business_request_id uuid, p_gate_code text, p_requested_transition_code text, p_target_truth_surface text, p_payload_ref text, p_approval_ticket_id text, p_audit_required_flag boolean, p_reason_code text, p_requested_at timestamp with time zone	TABLE(success_flag boolean, result_code text, aiworker_status_code text, summary_code text, state_family_code text, old_state_code text, new_state_code text, related_entity_id uuid, event_id uuid, emitted_at timestamp with time zone)	v	f
aiworker	fn_apply_worker_tendency_update	p_intake_id uuid, p_actor_type text, p_actor_id text, p_worker_id uuid, p_business_request_id uuid, p_gate_code text, p_requested_transition_code text, p_target_truth_surface text, p_payload_ref text, p_approval_ticket_id text, p_audit_required_flag boolean, p_reason_code text, p_requested_at timestamp with time zone	TABLE(success_flag boolean, result_code text, aiworker_status_code text, summary_code text, state_family_code text, old_state_code text, new_state_code text, related_entity_id uuid, event_id uuid, emitted_at timestamp with time zone)	v	f
aiworker	fn_assert_worker_mutable	p_worker_id uuid, p_allow_recovery boolean DEFAULT false	aiworker.worker_master	v	f
aiworker	fn_build_lovers_model_no	p_style_no integer, p_presentation_gender_code text, p_version_no integer DEFAULT NULL::integer	text	v	f
aiworker	fn_chat_worker_v0_mock_reply	p_prompt_code text	TABLE(out_activation_code text, out_prompt_code text, out_prompt_text text, out_reply_text text, out_safety_result text, out_used_cx_material_count integer, out_response_json jsonb)	v	f
aiworker	fn_chat_worker_v0_set_enabled	p_enabled boolean	TABLE(activation_code text, enabled_flag boolean, runtime_state_code text, cx_reference_enabled_flag boolean, startable_flag boolean)	v	f
aiworker	fn_clone_event_outbox_for_redelivery	p_existing_event_id uuid	uuid	v	f
aiworker	fn_count_failed_critical_verification_items	p_acceptance_execution_batch_id uuid	integer	s	f
aiworker	fn_count_missing_critical_verification_items	p_acceptance_execution_batch_id uuid	integer	s	f
aiworker	fn_current_app_setting_text	p_setting_name text	text	s	f
aiworker	fn_current_tenant_company_id		uuid	s	f
aiworker	fn_current_tenant_user_id		uuid	s	f
aiworker	fn_decide_replay_request	p_request_hash text, p_business_request_id uuid, p_worker_id uuid, p_target_truth_surface text, p_controlled_function_code text, p_requested_transition_code text, p_payload_version text, p_payload_ref text, p_requested_at timestamp with time zone, p_actor_type text, p_actor_id text	TABLE(replay_decision_code text, result_code text, existing_intake_id uuid, existing_related_entity_id uuid, existing_event_id uuid, redelivery_allowed_flag boolean, review_required_flag boolean, decided_at timestamp with time zone)	v	f
aiworker	fn_default_summary_band_from_result_code	p_result_code text	text	i	f
aiworker	fn_default_summary_code_from_result_code	p_result_code text	text	i	f
aiworker	fn_failure_intake_status_from_error	p_error_code text	text	i	f
aiworker	fn_finalize_acceptance_execution_batch	p_acceptance_execution_batch_id uuid, p_approved_by text, p_executed_by text	TABLE(batch_status_code text, missing_critical_count integer, failed_critical_count integer, completed_at timestamp with time zone)	v	f
aiworker	fn_generate_acceptance_batch_code		text	v	f
aiworker	fn_generate_uuid		uuid	v	f
aiworker	fn_get_payload_hash	p_payload_ref text	text	s	f
aiworker	fn_insert_event_outbox	p_event_type text, p_source_system text, p_source_entity_type text, p_source_entity_id text, p_related_business_request_id uuid, p_related_worker_id uuid, p_summary_code text, p_payload_ref text	uuid	v	f
aiworker	fn_insert_result_correlation	p_intake_id uuid, p_business_request_id uuid, p_worker_id uuid, p_related_entity_id uuid, p_event_id uuid, p_controlled_function_code text, p_result_code text, p_summary_code text	void	v	f
aiworker	fn_insert_state_change_log	p_worker_id uuid, p_state_family_code text, p_old_state_code text, p_new_state_code text, p_change_reason_code text, p_changed_by text, p_changed_at timestamp with time zone	void	v	f
aiworker	fn_jsonb_has_all_string_keys	p_payload jsonb, p_required_keys jsonb	boolean	v	f
aiworker	fn_log_acceptance_batch_runner	p_acceptance_execution_batch_id uuid, p_check_code text, p_result_code text, p_note_text text, p_executed_by text	bigint	v	f
aiworker	fn_log_acceptance_verification_runbook	p_acceptance_execution_batch_id uuid, p_phase_code text, p_result_code text, p_note_text text, p_executed_by text	void	v	f
aiworker	fn_log_business_cross_boundary_smoke	p_flow_code text, p_result_code text, p_note_text text, p_executed_by text	bigint	v	f
aiworker	fn_log_business_event_validation	p_contract_code text, p_direction_code text, p_event_type text, p_validation_result_code text, p_related_business_request_id uuid, p_payload_ref text, p_note_text text, p_validated_by text	bigint	v	f
aiworker	fn_log_recovery_execution	p_recovery_incident_id uuid, p_execution_phase_code text, p_dry_run_flag boolean, p_result_code text, p_affected_row_count integer, p_note_text text, p_executed_by text	void	v	f
aiworker	fn_log_replay_decision	p_request_hash text, p_business_request_id uuid, p_worker_id uuid, p_target_truth_surface text, p_controlled_function_code text, p_replay_decision_code text, p_prior_intake_id uuid, p_prior_event_id uuid, p_decision_reason_code text, p_decided_by text	void	v	f
aiworker	fn_log_restricted_privileged_smoke	p_flow_code text, p_result_code text, p_note_text text, p_executed_by text	bigint	v	f
aiworker	fn_log_smoke_flow_execution	p_flow_code text, p_result_code text, p_note_text text, p_executed_by text	bigint	v	f
aiworker	fn_make_lineage_key	p_request_hash text, p_target_truth_surface text, p_controlled_function_code text, p_worker_id uuid, p_requested_transition_code text, p_payload_version text	text	i	f
aiworker	fn_mark_acceptance_runbook_phase	p_acceptance_execution_batch_id uuid, p_phase_code text, p_result_code text, p_note_text text, p_executed_by text	void	v	f
aiworker	fn_mark_intake_status	p_intake_id uuid, p_new_status text	void	v	f
aiworker	fn_open_acceptance_execution_batch	p_note_text text, p_started_by text	uuid	v	f
aiworker	fn_open_recovery_incident	p_recovery_family_code text, p_note_text text, p_opened_by text	uuid	v	f
aiworker	fn_payload_raise_invalid	p_note text DEFAULT 'ERR_PAYLOAD_INVALID'::text	void	v	f
aiworker	fn_payload_require_keys	p_payload jsonb, p_keys text[]	void	v	f
aiworker	fn_payload_require_nested_object_key	p_payload jsonb, p_parent_key text, p_child_key text	void	v	f
aiworker	fn_payload_require_object	p_payload jsonb	void	v	f
aiworker	fn_payload_require_string_value	p_payload jsonb, p_key text, p_expected_value text	void	v	f
aiworker	fn_payload_schema_is_active	p_payload_schema_name text	boolean	s	f
aiworker	fn_payload_validation_log_write	p_payload_ref text, p_payload_schema_name text, p_validation_result_code text, p_validation_note text	void	v	f
aiworker	fn_prepare_intake_for_apply	p_intake_id uuid, p_controlled_function_code text, p_target_truth_surface text	aiworker.official_intake_request	v	f
aiworker	fn_prepare_privileged_smoke_reset		void	v	f
aiworker	fn_prepare_smoke_assignment_reset		void	v	f
aiworker	fn_president_capability_decision	p_president_model_code text, p_capability_code text	TABLE(out_president_model_code text, out_capability_code text, out_capability_label text, out_default_allowed_flag boolean, out_required_gate_code text, out_risk_level_code text, out_runtime_executable_flag boolean, out_decision_code text, out_decision_summary text)	v	f
aiworker	fn_president_manager_instruction_decision	p_instruction_code text	TABLE(out_instruction_code text, out_source_actor_type text, out_source_authority_role_code text, out_target_authority_role_code text, out_source_manager_level_no integer, out_target_manager_level_no integer, out_president_model_no text, out_president_authority_status text, out_president_runtime_state text, out_runtime_enabled_flag boolean, out_decision_code text, out_decision_summary text)	v	f
aiworker	fn_record_acceptance_case_execution_and_verify	p_acceptance_execution_batch_id uuid, p_acceptance_verification_item_code text, p_execution_result_code text, p_note_text text, p_executed_by text	bigint	v	f
aiworker	fn_record_acceptance_test_execution	p_acceptance_test_case_code text, p_execution_result_code text, p_note_text text, p_executed_by text	bigint	v	f
aiworker	fn_record_acceptance_verification_result	p_acceptance_execution_batch_id uuid, p_acceptance_verification_item_code text, p_acceptance_test_execution_id bigint, p_actual_result_code text, p_note_text text, p_executed_by text	bigint	v	f
aiworker	fn_record_business_result_correlation	p_intake_id uuid, p_actor_type text, p_actor_id text, p_worker_id uuid, p_business_request_id uuid, p_gate_code text, p_requested_transition_code text, p_target_truth_surface text, p_payload_ref text, p_approval_ticket_id text, p_audit_required_flag boolean, p_reason_code text, p_requested_at timestamp with time zone	TABLE(success_flag boolean, result_code text, aiworker_status_code text, summary_code text, state_family_code text, old_state_code text, new_state_code text, related_entity_id uuid, event_id uuid, emitted_at timestamp with time zone)	v	f
aiworker	fn_redeliver_result_for_request_hash	p_request_hash text, p_actor_id text	uuid	v	f
aiworker	fn_register_request_lineage	p_request_hash text, p_business_request_id uuid, p_worker_id uuid, p_target_truth_surface text, p_controlled_function_code text, p_requested_transition_code text, p_payload_version text, p_payload_ref text, p_intake_id uuid, p_replay_outcome_code text, p_canonical_applied_flag boolean, p_last_event_id uuid	text	v	f
aiworker	fn_robot_brain_runtime_material_select_v1	p_model_code text, p_use_purpose_code text DEFAULT 'reference'::text, p_domain_codes text[] DEFAULT NULL::text[], p_limit_per_domain integer DEFAULT 20, p_total_limit integer DEFAULT 80	TABLE(profile_source_type text, model_code text, series_code text, role_code text, brain_data_code text, brain_domain_code text, brain_domain_label_ja text, depth_code text, data_depth_level integer, risk_class_code text, granularity_code text, effective_use_purpose_codes text[], access_decision_code text, source_exists_flag boolean, unit_code text, unit_title_ja text, unit_summary_ja text, unit_detail_ja text, practical_use_ja text, example_prompt_ja text, safety_boundary_ja text, tags text[], material_source_kind text, selection_score integer, domain_rank bigint, overall_rank bigint, selection_reason_ja text)	s	f
aiworker	fn_robot_brain_runtime_material_select_v2	p_model_code text, p_use_purpose_code text, p_domain_codes text[], p_limit_per_domain integer DEFAULT 20, p_total_limit integer DEFAULT 80	TABLE(profile_source_type text, model_code text, series_code text, role_code text, brain_data_code text, brain_domain_code text, brain_domain_label_ja text, depth_code text, data_depth_level integer, risk_class_code text, granularity_code text, effective_use_purpose_codes text[], access_decision_code text, source_exists_flag boolean, unit_code text, unit_title_ja text, unit_summary_ja text, unit_detail_ja text, practical_use_ja text, example_prompt_ja text, safety_boundary_ja text, tags text[], material_source_kind text, selection_score integer, domain_rank bigint, overall_rank bigint, selection_reason_ja text)	s	f
aiworker	fn_run_business_event_contract_smoke	p_executed_by text	TABLE(flow_code text, result_code text, note_text text)	v	f
aiworker	fn_run_formal_acceptance_batch	p_executed_by text	TABLE(acceptance_execution_batch_id uuid, batch_status_code text, missing_critical_count integer, failed_critical_count integer, completed_at timestamp with time zone)	v	f
aiworker	fn_run_privileged_context_smoke	p_executed_by text	TABLE(flow_code text, result_code text, note_text text)	v	f
aiworker	fn_run_restricted_boundary_smoke	p_executed_by text	TABLE(flow_code text, result_code text, note_text text)	v	f
aiworker	fn_run_restricted_privileged_smoke_suite	p_executed_by text	TABLE(flow_code text, result_code text, note_text text)	v	f
aiworker	fn_runtime_execution_create_request	p_app_surface_code text, p_model_code text, p_task_domain_code text, p_task_title text, p_task_instruction_ja text, p_source_app_ref text DEFAULT ''::text, p_source_request_ref text DEFAULT ''::text, p_requested_by_ref text DEFAULT 'human'::text, p_idempotency_key text DEFAULT NULL::text	uuid	v	f
aiworker	fn_runtime_execution_create_request_with_route_v1	p_app_surface_code text, p_model_code text, p_task_domain_code text, p_task_title text, p_task_instruction_ja text, p_source_app_ref text DEFAULT ''::text, p_source_request_ref text DEFAULT ''::text, p_requested_by_ref text DEFAULT 'human'::text, p_idempotency_key text DEFAULT NULL::text, p_source_route_code text DEFAULT NULL::text	uuid	v	t
aiworker	fn_runtime_execution_mark_delivery_ready	p_request_id uuid, p_delivery_title_ja text, p_delivery_summary_ja text, p_human_go_confirmed_flag boolean DEFAULT false, p_delivery_payload_jsonb jsonb DEFAULT '{}'::jsonb	uuid	v	f
aiworker	fn_runtime_execution_record_transition	p_request_id uuid, p_to_status_code text, p_transition_type_code text, p_transition_summary_ja text DEFAULT ''::text, p_transition_detail_jsonb jsonb DEFAULT '{}'::jsonb	uuid	v	f
aiworker	fn_runtime_execution_start_request	p_request_id uuid	uuid	v	f
aiworker	fn_runtime_execution_submit_leader_review	p_request_id uuid, p_review_result_code text, p_review_summary_ja text, p_review_detail_jsonb jsonb DEFAULT '{}'::jsonb	uuid	v	f
aiworker	fn_runtime_execution_submit_manager_gate	p_request_id uuid, p_gate_result_code text, p_gate_summary_ja text, p_gate_detail_jsonb jsonb DEFAULT '{}'::jsonb	uuid	v	f
aiworker	fn_runtime_execution_submit_president_approval	p_request_id uuid, p_approval_result_code text, p_approval_summary_ja text, p_approval_detail_jsonb jsonb DEFAULT '{}'::jsonb	uuid	v	f
aiworker	fn_runtime_execution_submit_worker_output	p_request_id uuid, p_output_title_ja text, p_output_body_ja text, p_output_summary_ja text DEFAULT ''::text, p_output_payload_jsonb jsonb DEFAULT '{}'::jsonb, p_artifacts_jsonb jsonb DEFAULT '[]'::jsonb	uuid	v	f
aiworker	fn_seed_business_event_contract_smoke_payloads		void	v	f
aiworker	fn_start_acceptance_verification_runbook	p_acceptance_execution_batch_id uuid, p_executed_by text	void	v	f
aiworker	fn_store_payload_document	p_payload_ref text, p_payload_schema_name text, p_payload_json jsonb	void	v	f
aiworker	fn_summary_code_from_error	p_error_code text	text	i	f
aiworker	fn_transition_allowed	p_state_family_code text, p_old_state_code text, p_new_state_code text	boolean	s	f
aiworker	fn_validate_business_contract_payload	p_contract_code text, p_payload_ref text, p_payload_json jsonb, p_related_business_request_id uuid, p_validated_by text	TABLE(success_flag boolean, validation_result_code text, note_text text)	v	f
aiworker	fn_validate_business_contract_payload_ref	p_contract_code text, p_payload_ref text, p_validated_by text	TABLE(success_flag boolean, validation_result_code text, note_text text)	v	f
aiworker	fn_validate_payload_business_request_event_v1	p_payload jsonb	boolean	v	f
aiworker	fn_validate_payload_by_schema_name	p_payload_schema_name text, p_payload jsonb	boolean	v	f
aiworker	fn_validate_payload_command_row_v1	p_payload jsonb	boolean	v	f
aiworker	fn_validate_payload_draft_row_v1	p_payload jsonb	boolean	v	f
aiworker	fn_validate_payload_official_intake_v1	p_payload jsonb	boolean	v	f
aiworker	fn_validate_payload_result_event_v1	p_payload jsonb	boolean	v	f
aiworker	fn_validate_payload_staging_row_v1	p_payload jsonb	boolean	v	f
cx22073jw	fn_apply_area_exact_upsert	p_area_slug text, p_subject_key text, p_source_system text, p_source_app text DEFAULT NULL::text, p_canonical_owner_system text DEFAULT 'unknown'::text, p_canonical_ref_key text DEFAULT NULL::text, p_lifecycle_status text DEFAULT 'active'::text, p_projection_payload jsonb DEFAULT NULL::jsonb, p_summary_text text DEFAULT NULL::text, p_summary_payload jsonb DEFAULT NULL::jsonb, p_continuity_payload jsonb DEFAULT NULL::jsonb, p_resume_at timestamp with time zone DEFAULT NULL::timestamp with time zone, p_index_terms text[] DEFAULT NULL::text[], p_index_payload jsonb DEFAULT NULL::jsonb, p_policy_context_payload jsonb DEFAULT NULL::jsonb, p_optimization_payload jsonb DEFAULT NULL::jsonb, p_priority_score numeric DEFAULT NULL::numeric, p_meta jsonb DEFAULT '{}'::jsonb	uuid	v	f
cx22073jw	fn_apply_contract_remediation_batch	p_batch_code text	integer	v	f
cx22073jw	fn_article_publication_readiness	p_article_code text	TABLE(article_code text, is_ready boolean, blocker_codes text[])	v	f
cx22073jw	fn_build_generation_sql	p_area_slug text	text	v	f
cx22073jw	fn_build_staticart_contract_remediation_batch	p_batch_code text	integer	v	f
cx22073jw	fn_build_staticart_minimum_first_send_bundle	p_sample_code text, p_area_slug text	TABLE(subject_key text, source_system text, source_app text, canonical_owner_system text, canonical_ref_key text, lifecycle_status text, projection_payload jsonb, index_payload jsonb, policy_context_payload jsonb, meta_payload jsonb)	v	f
cx22073jw	fn_can_access_secret	p_route_code text, p_tier_code text, p_selector_code text, p_target_code text, p_category_code text	TABLE(is_allowed boolean, decision_status text, reason_code text, resolved_target_id uuid)	v	f
cx22073jw	fn_compile_ai_employee_governed_apply_queue	p_batch_code text	integer	v	f
cx22073jw	fn_confirm_access_manual_apply_receipt_items	p_batch_code text, p_request_code text DEFAULT NULL::text, p_new_receipt_status text DEFAULT 'confirmed_applied'::text, p_executor_name text DEFAULT 'Zero'::text, p_confirmation_note text DEFAULT NULL::text	integer	v	f
cx22073jw	fn_convert_unit	p_value numeric, p_from_unit text, p_to_unit text	numeric	v	f
cx22073jw	fn_create_ai_employee_activation_request	p_target_domain_code text, p_target_role_code text, p_requested_rank_code text DEFAULT NULL::text, p_requested_app_scope text DEFAULT NULL::text, p_requested_by text DEFAULT 'Zero'::text, p_note_text text DEFAULT NULL::text, p_request_status text DEFAULT 'submitted'::text	uuid	v	f
cx22073jw	fn_create_ai_employee_manual_apply_receipt_batch	p_batch_code text, p_actor_name text DEFAULT 'Zero'::text, p_note_text text DEFAULT 'Seeded from latest final handoff pass items awaiting manual confirmation.'::text	uuid	v	f
cx22073jw	fn_default_required_keys	p_area_slug text, p_payload_column_name text	text[]	v	f
cx22073jw	fn_enqueue_foundation_job	p_job_type text, p_target_object_type text, p_target_object_id text DEFAULT NULL::text, p_request_payload jsonb DEFAULT '{}'::jsonb	uuid	v	f
cx22073jw	fn_evaluate_ai_employee_activation_request	p_activation_request_id uuid	integer	v	f
cx22073jw	fn_evaluate_all_ai_employee_activation_requests		integer	v	f
cx22073jw	fn_execute_sample_case	p_case_code text	TABLE(case_code text, area_slug text, expected_result text, actual_status text, result_row_id uuid, error_text text)	v	f
cx22073jw	fn_generate_ai_employee_stub_views		uuid	v	f
cx22073jw	fn_generate_area_upsert_wrapper_sql	p_area_slug text	text	v	f
cx22073jw	fn_get_staticart_block_json	p_sample_code text, p_block_code text	jsonb	v	f
cx22073jw	fn_get_template_fragments	p_template_code text	TABLE(template_code text, slot_code text, sort_order integer, fragment_code text, fragment_name text, is_required boolean)	v	f
cx22073jw	fn_is_date_in_seasonal_window	p_event_code text, p_target_date date DEFAULT CURRENT_DATE	boolean	v	f
cx22073jw	fn_jsonb_missing_required_keys	p_payload jsonb, p_required_keys text[]	text[]	v	f
cx22073jw	fn_mark_ai_employee_review_items	p_batch_code text, p_request_code text, p_review_bucket text, p_new_human_review_status text, p_reviewer_name text, p_review_note text DEFAULT NULL::text	integer	v	f
cx22073jw	fn_prepare_ai_employee_governed_apply_batch	p_batch_code text, p_source_queue_batch_code text	uuid	v	f
cx22073jw	fn_promote_ai_employee_governed_apply_runtime_ready	p_batch_code text, p_source_queue_batch_code text, p_target_request_code text DEFAULT NULL::text, p_actor_name text DEFAULT 'Zero'::text, p_note_text text DEFAULT 'Promote non-gate queue items to runtime_apply_ready.'::text	uuid	v	f
cx22073jw	fn_provision_ai_employee_db_roles	p_batch_code text, p_actor_name text DEFAULT 'Zero'::text	uuid	v	f
cx22073jw	fn_publish_staticart_minimum_first_send_fixed_contract_release	p_release_code text	uuid	v	f
cx22073jw	fn_refresh_ai_employee_activation_request_decisions	p_activation_request_id uuid	integer	v	f
cx22073jw	fn_refresh_area_exact_contract_snapshots		integer	v	f
cx22073jw	fn_refresh_area_payload_contracts		integer	v	f
cx22073jw	fn_refresh_phase1_generation_registry		integer	v	f
cx22073jw	fn_refresh_phase1_prepare_queue		integer	v	f
cx22073jw	fn_refresh_staticart_minimum_first_send_bindings		integer	v	f
cx22073jw	fn_refresh_staticart_transfer_contract_binding_snapshots		integer	v	f
cx22073jw	fn_regenerate_all_generation_sql		integer	v	f
cx22073jw	fn_regenerate_applied_area_upsert_wrappers		integer	v	f
cx22073jw	fn_robot_role_knowledge_set_updated_at		trigger	v	f
cx22073jw	fn_run_access_post_apply_verification_confirmed_only	p_run_code text, p_source_receipt_batch_code text, p_actor_name text DEFAULT 'Zero'::text, p_note_text text DEFAULT 'Confirmed-only post-apply verification.'::text	uuid	v	f
cx22073jw	fn_run_ai_employee_governed_apply_preflight	p_run_code text, p_source_batch_code text, p_actor_name text DEFAULT 'Zero'::text, p_note_text text DEFAULT 'Dry-run preflight validation only. No runtime GRANT executed.'::text	uuid	v	f
cx22073jw	fn_run_ai_employee_post_apply_verification	p_run_code text, p_source_receipt_batch_code text, p_actor_name text DEFAULT 'Zero'::text, p_note_text text DEFAULT 'Post-apply verification only. Checks whether SELECT grant is visible.'::text	uuid	v	f
cx22073jw	fn_run_ai_employee_stub_smoke		uuid	v	f
cx22073jw	fn_run_phase1_runtime_readiness_gate		uuid	v	f
cx22073jw	fn_run_sample_cases	p_case_kind text DEFAULT NULL::text	integer	v	f
cx22073jw	fn_run_staticart_delivery_closeout		uuid	v	f
cx22073jw	fn_run_staticart_minimum_first_send_sample	p_sample_code text, p_apply_wrappers boolean DEFAULT true	uuid	v	f
cx22073jw	fn_safe_object_name	p_prefix text, p_base text, p_limit integer DEFAULT 63	text	v	f
cx22073jw	fn_set_prepare_queue_item_status	p_queue_code text, p_area_slug text, p_to_status text, p_to_stage text, p_log_note text DEFAULT NULL::text, p_actor_name text DEFAULT 'Zero'::text	uuid	v	f
cx22073jw	fn_set_updated_at		trigger	v	f
cx22073jw	fn_sync_staticart_minimum_first_send_contract_keys		integer	v	f
cx22073jw	fn_upsert_asset_marketplace_listing_projection_area	p_subject_key text, p_source_system text, p_source_app text DEFAULT NULL::text, p_canonical_owner_system text DEFAULT 'unknown'::text, p_canonical_ref_key text DEFAULT NULL::text, p_lifecycle_status text DEFAULT 'active'::text, p_projection_payload jsonb DEFAULT NULL::jsonb, p_summary_text text DEFAULT NULL::text, p_summary_payload jsonb DEFAULT NULL::jsonb, p_continuity_payload jsonb DEFAULT NULL::jsonb, p_resume_at timestamp with time zone DEFAULT NULL::timestamp with time zone, p_index_terms text[] DEFAULT NULL::text[], p_index_payload jsonb DEFAULT NULL::jsonb, p_policy_context_payload jsonb DEFAULT NULL::jsonb, p_optimization_payload jsonb DEFAULT NULL::jsonb, p_priority_score numeric DEFAULT NULL::numeric, p_meta jsonb DEFAULT '{}'::jsonb	uuid	v	f
cx22073jw	fn_upsert_asset_metadata_localization_area	p_subject_key text, p_source_system text, p_source_app text DEFAULT NULL::text, p_canonical_owner_system text DEFAULT 'unknown'::text, p_canonical_ref_key text DEFAULT NULL::text, p_lifecycle_status text DEFAULT 'active'::text, p_projection_payload jsonb DEFAULT NULL::jsonb, p_summary_text text DEFAULT NULL::text, p_summary_payload jsonb DEFAULT NULL::jsonb, p_continuity_payload jsonb DEFAULT NULL::jsonb, p_resume_at timestamp with time zone DEFAULT NULL::timestamp with time zone, p_index_terms text[] DEFAULT NULL::text[], p_index_payload jsonb DEFAULT NULL::jsonb, p_policy_context_payload jsonb DEFAULT NULL::jsonb, p_optimization_payload jsonb DEFAULT NULL::jsonb, p_priority_score numeric DEFAULT NULL::numeric, p_meta jsonb DEFAULT '{}'::jsonb	uuid	v	f
cx22073jw	fn_upsert_asset_rights_policy_area	p_subject_key text, p_source_system text, p_source_app text DEFAULT NULL::text, p_canonical_owner_system text DEFAULT 'unknown'::text, p_canonical_ref_key text DEFAULT NULL::text, p_lifecycle_status text DEFAULT 'active'::text, p_projection_payload jsonb DEFAULT NULL::jsonb, p_summary_text text DEFAULT NULL::text, p_summary_payload jsonb DEFAULT NULL::jsonb, p_continuity_payload jsonb DEFAULT NULL::jsonb, p_resume_at timestamp with time zone DEFAULT NULL::timestamp with time zone, p_index_terms text[] DEFAULT NULL::text[], p_index_payload jsonb DEFAULT NULL::jsonb, p_policy_context_payload jsonb DEFAULT NULL::jsonb, p_optimization_payload jsonb DEFAULT NULL::jsonb, p_priority_score numeric DEFAULT NULL::numeric, p_meta jsonb DEFAULT '{}'::jsonb	uuid	v	f
cx22073jw	fn_upsert_exhibition_projection_area	p_subject_key text, p_source_system text, p_source_app text DEFAULT NULL::text, p_canonical_owner_system text DEFAULT 'unknown'::text, p_canonical_ref_key text DEFAULT NULL::text, p_lifecycle_status text DEFAULT 'active'::text, p_projection_payload jsonb DEFAULT NULL::jsonb, p_summary_text text DEFAULT NULL::text, p_summary_payload jsonb DEFAULT NULL::jsonb, p_continuity_payload jsonb DEFAULT NULL::jsonb, p_resume_at timestamp with time zone DEFAULT NULL::timestamp with time zone, p_index_terms text[] DEFAULT NULL::text[], p_index_payload jsonb DEFAULT NULL::jsonb, p_policy_context_payload jsonb DEFAULT NULL::jsonb, p_optimization_payload jsonb DEFAULT NULL::jsonb, p_priority_score numeric DEFAULT NULL::numeric, p_meta jsonb DEFAULT '{}'::jsonb	uuid	v	f
cx22073jw	fn_upsert_publishing_asset_area	p_subject_key text, p_source_system text, p_source_app text DEFAULT NULL::text, p_canonical_owner_system text DEFAULT 'unknown'::text, p_canonical_ref_key text DEFAULT NULL::text, p_lifecycle_status text DEFAULT 'active'::text, p_projection_payload jsonb DEFAULT NULL::jsonb, p_summary_text text DEFAULT NULL::text, p_summary_payload jsonb DEFAULT NULL::jsonb, p_continuity_payload jsonb DEFAULT NULL::jsonb, p_resume_at timestamp with time zone DEFAULT NULL::timestamp with time zone, p_index_terms text[] DEFAULT NULL::text[], p_index_payload jsonb DEFAULT NULL::jsonb, p_policy_context_payload jsonb DEFAULT NULL::jsonb, p_optimization_payload jsonb DEFAULT NULL::jsonb, p_priority_score numeric DEFAULT NULL::numeric, p_meta jsonb DEFAULT '{}'::jsonb	uuid	v	f
cx22073jw	fn_upsert_review_case_area	p_subject_key text, p_source_system text, p_source_app text DEFAULT NULL::text, p_canonical_owner_system text DEFAULT 'unknown'::text, p_canonical_ref_key text DEFAULT NULL::text, p_lifecycle_status text DEFAULT 'active'::text, p_projection_payload jsonb DEFAULT NULL::jsonb, p_summary_text text DEFAULT NULL::text, p_summary_payload jsonb DEFAULT NULL::jsonb, p_continuity_payload jsonb DEFAULT NULL::jsonb, p_resume_at timestamp with time zone DEFAULT NULL::timestamp with time zone, p_index_terms text[] DEFAULT NULL::text[], p_index_payload jsonb DEFAULT NULL::jsonb, p_policy_context_payload jsonb DEFAULT NULL::jsonb, p_optimization_payload jsonb DEFAULT NULL::jsonb, p_priority_score numeric DEFAULT NULL::numeric, p_meta jsonb DEFAULT '{}'::jsonb	uuid	v	f
cx22073jw	fn_upsert_static_art_asset_area	p_subject_key text, p_source_system text, p_source_app text DEFAULT NULL::text, p_canonical_owner_system text DEFAULT 'unknown'::text, p_canonical_ref_key text DEFAULT NULL::text, p_lifecycle_status text DEFAULT 'active'::text, p_projection_payload jsonb DEFAULT NULL::jsonb, p_summary_text text DEFAULT NULL::text, p_summary_payload jsonb DEFAULT NULL::jsonb, p_continuity_payload jsonb DEFAULT NULL::jsonb, p_resume_at timestamp with time zone DEFAULT NULL::timestamp with time zone, p_index_terms text[] DEFAULT NULL::text[], p_index_payload jsonb DEFAULT NULL::jsonb, p_policy_context_payload jsonb DEFAULT NULL::jsonb, p_optimization_payload jsonb DEFAULT NULL::jsonb, p_priority_score numeric DEFAULT NULL::numeric, p_meta jsonb DEFAULT '{}'::jsonb	uuid	v	f
cx22073jw	fn_upsert_streaming_category_tree_area	p_subject_key text, p_source_system text, p_source_app text DEFAULT NULL::text, p_canonical_owner_system text DEFAULT 'unknown'::text, p_canonical_ref_key text DEFAULT NULL::text, p_lifecycle_status text DEFAULT 'active'::text, p_projection_payload jsonb DEFAULT NULL::jsonb, p_summary_text text DEFAULT NULL::text, p_summary_payload jsonb DEFAULT NULL::jsonb, p_continuity_payload jsonb DEFAULT NULL::jsonb, p_resume_at timestamp with time zone DEFAULT NULL::timestamp with time zone, p_index_terms text[] DEFAULT NULL::text[], p_index_payload jsonb DEFAULT NULL::jsonb, p_policy_context_payload jsonb DEFAULT NULL::jsonb, p_optimization_payload jsonb DEFAULT NULL::jsonb, p_priority_score numeric DEFAULT NULL::numeric, p_meta jsonb DEFAULT '{}'::jsonb	uuid	v	f
cx22073jw	fn_upsert_streaming_connector_audit_area	p_subject_key text, p_source_system text, p_source_app text DEFAULT NULL::text, p_canonical_owner_system text DEFAULT 'unknown'::text, p_canonical_ref_key text DEFAULT NULL::text, p_lifecycle_status text DEFAULT 'active'::text, p_projection_payload jsonb DEFAULT NULL::jsonb, p_summary_text text DEFAULT NULL::text, p_summary_payload jsonb DEFAULT NULL::jsonb, p_continuity_payload jsonb DEFAULT NULL::jsonb, p_resume_at timestamp with time zone DEFAULT NULL::timestamp with time zone, p_index_terms text[] DEFAULT NULL::text[], p_index_payload jsonb DEFAULT NULL::jsonb, p_policy_context_payload jsonb DEFAULT NULL::jsonb, p_optimization_payload jsonb DEFAULT NULL::jsonb, p_priority_score numeric DEFAULT NULL::numeric, p_meta jsonb DEFAULT '{}'::jsonb	uuid	v	f
cx22073jw	fn_upsert_streaming_continue_watching_area	p_subject_key text, p_source_system text, p_source_app text DEFAULT NULL::text, p_canonical_owner_system text DEFAULT 'unknown'::text, p_canonical_ref_key text DEFAULT NULL::text, p_lifecycle_status text DEFAULT 'active'::text, p_projection_payload jsonb DEFAULT NULL::jsonb, p_summary_text text DEFAULT NULL::text, p_summary_payload jsonb DEFAULT NULL::jsonb, p_continuity_payload jsonb DEFAULT NULL::jsonb, p_resume_at timestamp with time zone DEFAULT NULL::timestamp with time zone, p_index_terms text[] DEFAULT NULL::text[], p_index_payload jsonb DEFAULT NULL::jsonb, p_policy_context_payload jsonb DEFAULT NULL::jsonb, p_optimization_payload jsonb DEFAULT NULL::jsonb, p_priority_score numeric DEFAULT NULL::numeric, p_meta jsonb DEFAULT '{}'::jsonb	uuid	v	f
cx22073jw	fn_upsert_streaming_creator_asset_area	p_subject_key text, p_source_system text, p_source_app text DEFAULT NULL::text, p_canonical_owner_system text DEFAULT 'unknown'::text, p_canonical_ref_key text DEFAULT NULL::text, p_lifecycle_status text DEFAULT 'active'::text, p_projection_payload jsonb DEFAULT NULL::jsonb, p_summary_text text DEFAULT NULL::text, p_summary_payload jsonb DEFAULT NULL::jsonb, p_continuity_payload jsonb DEFAULT NULL::jsonb, p_resume_at timestamp with time zone DEFAULT NULL::timestamp with time zone, p_index_terms text[] DEFAULT NULL::text[], p_index_payload jsonb DEFAULT NULL::jsonb, p_policy_context_payload jsonb DEFAULT NULL::jsonb, p_optimization_payload jsonb DEFAULT NULL::jsonb, p_priority_score numeric DEFAULT NULL::numeric, p_meta jsonb DEFAULT '{}'::jsonb	uuid	v	f
cx22073jw	fn_upsert_streaming_marketplace_listing_area	p_subject_key text, p_source_system text, p_source_app text DEFAULT NULL::text, p_canonical_owner_system text DEFAULT 'unknown'::text, p_canonical_ref_key text DEFAULT NULL::text, p_lifecycle_status text DEFAULT 'active'::text, p_projection_payload jsonb DEFAULT NULL::jsonb, p_summary_text text DEFAULT NULL::text, p_summary_payload jsonb DEFAULT NULL::jsonb, p_continuity_payload jsonb DEFAULT NULL::jsonb, p_resume_at timestamp with time zone DEFAULT NULL::timestamp with time zone, p_index_terms text[] DEFAULT NULL::text[], p_index_payload jsonb DEFAULT NULL::jsonb, p_policy_context_payload jsonb DEFAULT NULL::jsonb, p_optimization_payload jsonb DEFAULT NULL::jsonb, p_priority_score numeric DEFAULT NULL::numeric, p_meta jsonb DEFAULT '{}'::jsonb	uuid	v	f
cx22073jw	fn_upsert_streaming_membership_program_area	p_subject_key text, p_source_system text, p_source_app text DEFAULT NULL::text, p_canonical_owner_system text DEFAULT 'unknown'::text, p_canonical_ref_key text DEFAULT NULL::text, p_lifecycle_status text DEFAULT 'active'::text, p_projection_payload jsonb DEFAULT NULL::jsonb, p_summary_text text DEFAULT NULL::text, p_summary_payload jsonb DEFAULT NULL::jsonb, p_continuity_payload jsonb DEFAULT NULL::jsonb, p_resume_at timestamp with time zone DEFAULT NULL::timestamp with time zone, p_index_terms text[] DEFAULT NULL::text[], p_index_payload jsonb DEFAULT NULL::jsonb, p_policy_context_payload jsonb DEFAULT NULL::jsonb, p_optimization_payload jsonb DEFAULT NULL::jsonb, p_priority_score numeric DEFAULT NULL::numeric, p_meta jsonb DEFAULT '{}'::jsonb	uuid	v	f
cx22073jw	fn_upsert_streaming_membership_rule_area	p_subject_key text, p_source_system text, p_source_app text DEFAULT NULL::text, p_canonical_owner_system text DEFAULT 'unknown'::text, p_canonical_ref_key text DEFAULT NULL::text, p_lifecycle_status text DEFAULT 'active'::text, p_projection_payload jsonb DEFAULT NULL::jsonb, p_summary_text text DEFAULT NULL::text, p_summary_payload jsonb DEFAULT NULL::jsonb, p_continuity_payload jsonb DEFAULT NULL::jsonb, p_resume_at timestamp with time zone DEFAULT NULL::timestamp with time zone, p_index_terms text[] DEFAULT NULL::text[], p_index_payload jsonb DEFAULT NULL::jsonb, p_policy_context_payload jsonb DEFAULT NULL::jsonb, p_optimization_payload jsonb DEFAULT NULL::jsonb, p_priority_score numeric DEFAULT NULL::numeric, p_meta jsonb DEFAULT '{}'::jsonb	uuid	v	f
cx22073jw	fn_upsert_streaming_paid_video_offer_area	p_subject_key text, p_source_system text, p_source_app text DEFAULT NULL::text, p_canonical_owner_system text DEFAULT 'unknown'::text, p_canonical_ref_key text DEFAULT NULL::text, p_lifecycle_status text DEFAULT 'active'::text, p_projection_payload jsonb DEFAULT NULL::jsonb, p_summary_text text DEFAULT NULL::text, p_summary_payload jsonb DEFAULT NULL::jsonb, p_continuity_payload jsonb DEFAULT NULL::jsonb, p_resume_at timestamp with time zone DEFAULT NULL::timestamp with time zone, p_index_terms text[] DEFAULT NULL::text[], p_index_payload jsonb DEFAULT NULL::jsonb, p_policy_context_payload jsonb DEFAULT NULL::jsonb, p_optimization_payload jsonb DEFAULT NULL::jsonb, p_priority_score numeric DEFAULT NULL::numeric, p_meta jsonb DEFAULT '{}'::jsonb	uuid	v	f
cx22073jw	fn_upsert_streaming_progress_resume_area	p_subject_key text, p_source_system text, p_source_app text DEFAULT NULL::text, p_canonical_owner_system text DEFAULT 'unknown'::text, p_canonical_ref_key text DEFAULT NULL::text, p_lifecycle_status text DEFAULT 'active'::text, p_projection_payload jsonb DEFAULT NULL::jsonb, p_summary_text text DEFAULT NULL::text, p_summary_payload jsonb DEFAULT NULL::jsonb, p_continuity_payload jsonb DEFAULT NULL::jsonb, p_resume_at timestamp with time zone DEFAULT NULL::timestamp with time zone, p_index_terms text[] DEFAULT NULL::text[], p_index_payload jsonb DEFAULT NULL::jsonb, p_policy_context_payload jsonb DEFAULT NULL::jsonb, p_optimization_payload jsonb DEFAULT NULL::jsonb, p_priority_score numeric DEFAULT NULL::numeric, p_meta jsonb DEFAULT '{}'::jsonb	uuid	v	f
cx22073jw	fn_upsert_streaming_publish_setting_area	p_subject_key text, p_source_system text, p_source_app text DEFAULT NULL::text, p_canonical_owner_system text DEFAULT 'unknown'::text, p_canonical_ref_key text DEFAULT NULL::text, p_lifecycle_status text DEFAULT 'active'::text, p_projection_payload jsonb DEFAULT NULL::jsonb, p_summary_text text DEFAULT NULL::text, p_summary_payload jsonb DEFAULT NULL::jsonb, p_continuity_payload jsonb DEFAULT NULL::jsonb, p_resume_at timestamp with time zone DEFAULT NULL::timestamp with time zone, p_index_terms text[] DEFAULT NULL::text[], p_index_payload jsonb DEFAULT NULL::jsonb, p_policy_context_payload jsonb DEFAULT NULL::jsonb, p_optimization_payload jsonb DEFAULT NULL::jsonb, p_priority_score numeric DEFAULT NULL::numeric, p_meta jsonb DEFAULT '{}'::jsonb	uuid	v	f
cx22073jw	fn_upsert_streaming_revenue_split_area	p_subject_key text, p_source_system text, p_source_app text DEFAULT NULL::text, p_canonical_owner_system text DEFAULT 'unknown'::text, p_canonical_ref_key text DEFAULT NULL::text, p_lifecycle_status text DEFAULT 'active'::text, p_projection_payload jsonb DEFAULT NULL::jsonb, p_summary_text text DEFAULT NULL::text, p_summary_payload jsonb DEFAULT NULL::jsonb, p_continuity_payload jsonb DEFAULT NULL::jsonb, p_resume_at timestamp with time zone DEFAULT NULL::timestamp with time zone, p_index_terms text[] DEFAULT NULL::text[], p_index_payload jsonb DEFAULT NULL::jsonb, p_policy_context_payload jsonb DEFAULT NULL::jsonb, p_optimization_payload jsonb DEFAULT NULL::jsonb, p_priority_score numeric DEFAULT NULL::numeric, p_meta jsonb DEFAULT '{}'::jsonb	uuid	v	f
cx22073jw	fn_upsert_streaming_view_history_area	p_subject_key text, p_source_system text, p_source_app text DEFAULT NULL::text, p_canonical_owner_system text DEFAULT 'unknown'::text, p_canonical_ref_key text DEFAULT NULL::text, p_lifecycle_status text DEFAULT 'active'::text, p_projection_payload jsonb DEFAULT NULL::jsonb, p_summary_text text DEFAULT NULL::text, p_summary_payload jsonb DEFAULT NULL::jsonb, p_continuity_payload jsonb DEFAULT NULL::jsonb, p_resume_at timestamp with time zone DEFAULT NULL::timestamp with time zone, p_index_terms text[] DEFAULT NULL::text[], p_index_payload jsonb DEFAULT NULL::jsonb, p_policy_context_payload jsonb DEFAULT NULL::jsonb, p_optimization_payload jsonb DEFAULT NULL::jsonb, p_priority_score numeric DEFAULT NULL::numeric, p_meta jsonb DEFAULT '{}'::jsonb	uuid	v	f
cx22073jw	fn_validate_area_payload_contracts	p_area_slug text, p_projection_payload jsonb DEFAULT NULL::jsonb, p_summary_payload jsonb DEFAULT NULL::jsonb, p_continuity_payload jsonb DEFAULT NULL::jsonb, p_index_payload jsonb DEFAULT NULL::jsonb, p_policy_context_payload jsonb DEFAULT NULL::jsonb, p_optimization_payload jsonb DEFAULT NULL::jsonb	TABLE(payload_column_name text, is_valid boolean, missing_keys text[])	v	f
