table	aiworker	beyond_model_quality_profile
table	aiworker	beyond_quality_level_catalog
table	aiworker	robot_material_model_identifier_canon
table	aiworker	runtime_output_artifact
table	aiworker	vw_ai_company_beyond_candidate_quality_lineup_v1
table	aiworker	vw_app_aiworker_model_selection_source_for_capability_v1
table	aiworker	vw_beyond_series_leader_quality_lineup_v1
table	aiworker	vw_beyond_series_quality_lineup_v1
table	aiworker	vw_beyond_series_worker_quality_lineup_v1
table	aiworker	vw_robot_brain_runtime_material_quality_overlay_v1
table	aiworker	vw_robot_brain_runtime_material_scoring_base_v1
table	aiworker	vw_robot_readable_brain_knowledge_material_v1
table	aiworker	vw_robot_readable_brain_runtime_material_canon_v1
table	aiworker	vw_robot_readable_brain_runtime_material_coverage_v1
table	aiworker	vw_robot_readable_brain_runtime_material_v1
table	aiworker	vw_robot_readable_brain_runtime_material_v2
table	aiworker	vw_robot_readable_brain_runtime_material_v3
table	aiworker	vw_robot_readable_brain_source_registry_v1
view	aiworker	vw_ai_company_beyond_candidate_quality_lineup_v1
view	aiworker	vw_app_aiworker_model_selection_source_for_capability_v1
view	aiworker	vw_beyond_series_leader_quality_lineup_v1
view	aiworker	vw_beyond_series_quality_lineup_v1
view	aiworker	vw_beyond_series_worker_quality_lineup_v1
view	aiworker	vw_robot_brain_runtime_material_quality_overlay_v1
view	aiworker	vw_robot_brain_runtime_material_scoring_base_v1
view	aiworker	vw_robot_readable_brain_knowledge_material_v1
view	aiworker	vw_robot_readable_brain_runtime_material_canon_v1
view	aiworker	vw_robot_readable_brain_runtime_material_coverage_v1
view	aiworker	vw_robot_readable_brain_runtime_material_v1
view	aiworker	vw_robot_readable_brain_runtime_material_v2
view	aiworker	vw_robot_readable_brain_runtime_material_v3
view	aiworker	vw_robot_readable_brain_source_registry_v1
table	cx22073jw	asset_rights_policy_area
table	cx22073jw	brain_reference_quality_metadata
table	cx22073jw	brain_source_candidate_registry
table	cx22073jw	brain_source_object_ingestion_catalog
table	cx22073jw	brain_source_object_mapping_rule_catalog
table	cx22073jw	business_support_knowledge_material
table	cx22073jw	candidate_ledger_source_registry
table	cx22073jw	contract_remediation_batch
table	cx22073jw	contract_remediation_item
table	cx22073jw	earth_history_detail_entry
table	cx22073jw	earth_history_knowledge_entry
table	cx22073jw	executive_strategy_material
table	cx22073jw	foundation_knowledge_material
table	cx22073jw	knowledge_article
table	cx22073jw	published_knowledge_quality_metric
table	cx22073jw	source_review_registry
table	cx22073jw	source_to_cx_fixed_contract_release
table	cx22073jw	source_to_cx_fixed_contract_release_key
table	cx22073jw	source_to_cx_fixed_contract_release_target
table	cx22073jw	static_art_asset_area
table	cx22073jw	staticart_delivery_closeout_run
table	cx22073jw	staticart_final_completion_certificate
table	cx22073jw	staticart_final_handoff_package
table	cx22073jw	staticart_final_handoff_package_item
table	cx22073jw	staticart_handoff_export_batch
table	cx22073jw	staticart_handoff_export_item
table	cx22073jw	staticart_knowledge_pack_run
table	cx22073jw	staticart_knowledge_pack_run_item
table	cx22073jw	staticart_knowledge_pack_sample_registry
table	cx22073jw	staticart_resume_pack_run
table	cx22073jw	streaming_paid_video_offer_area
table	cx22073jw	topic_material
table	cx22073jw	v_asset_rights_policy_area_latest
table	cx22073jw	v_candidate_area_source_summary
table	cx22073jw	v_contract_remediation_batch_summary
table	cx22073jw	v_contract_remediation_item_detail
table	cx22073jw	v_foundation_article_catalog
table	cx22073jw	v_static_art_asset_area_latest
table	cx22073jw	v_staticart_delivery_closeout_summary
table	cx22073jw	v_staticart_delivery_master_status
table	cx22073jw	v_staticart_exact_knowledge_transfer_blocks
table	cx22073jw	v_staticart_exact_knowledge_transfer_fields
table	cx22073jw	v_staticart_exact_knowledge_transfer_rules
table	cx22073jw	v_staticart_final_handoff_package_summary
table	cx22073jw	v_staticart_fixed_contract_release_export_payload
table	cx22073jw	v_staticart_fixed_contract_release_export_top_level
table	cx22073jw	v_staticart_fixed_contract_release_keys
table	cx22073jw	v_staticart_fixed_contract_release_summary
table	cx22073jw	v_staticart_fixed_contract_release_targets
table	cx22073jw	v_staticart_handoff_export_batch_summary
table	cx22073jw	v_staticart_handoff_export_item_summary
table	cx22073jw	v_staticart_knowledge_pack_run_item_latest
table	cx22073jw	v_staticart_knowledge_pack_run_latest
table	cx22073jw	v_staticart_knowledge_pack_sample_registry_summary
table	cx22073jw	v_staticart_minimum_first_send_area_bindings
table	cx22073jw	v_staticart_minimum_first_send_contract_coverage
table	cx22073jw	v_staticart_minimum_first_send_field_bindings
table	cx22073jw	v_staticart_resume_pack_summary
table	cx22073jw	v_streaming_paid_video_offer_area_latest
table	cx22073jw	vw_aiemp_combat_roe_safety_context
table	cx22073jw	vw_aiemp_game_party_member_context
table	cx22073jw	vw_brain_knowledge_unit_runtime_material_v1
table	cx22073jw	vw_brain_source_object_discovery_backlog_v1
table	cx22073jw	vw_brain_source_object_ingestion_catalog_status_v1
table	cx22073jw	vw_brain_source_object_ingestion_summary_v1
table	cx22073jw	vw_brain_source_object_inventory_v1
table	cx22073jw	vw_brain_source_object_lane03_mapping_status_v1
table	cx22073jw	vw_brain_source_object_lane03_remaining_backlog_v1
table	cx22073jw	vw_brain_source_object_mapping_proposal_v1
table	cx22073jw	vw_earth_history_detail_reference_v1
table	cx22073jw	vw_earth_history_knowledge_reference_v1
table	cx22073jw	vw_foundation_knowledge_material_v1
table	cx22073jw	vw_robot_model_earth_history_detail_reference_v1
table	cx22073jw	vw_robot_model_foundation_material_reference_v1
table	cx22073jw	vw_robot_role_earth_history_reference_v1
table	cx22073jw	vw_robot_role_foundation_material_reference_v1
table	cx22073jw	vw_robot_role_safety_boundary_v1
table	cx22073jw	vw_topic_material_catalog
table	cx22073jw	vw_topic_material_summary
view	cx22073jw	v_asset_rights_policy_area_latest
view	cx22073jw	v_candidate_area_source_summary
view	cx22073jw	v_contract_remediation_batch_summary
view	cx22073jw	v_contract_remediation_item_detail
view	cx22073jw	v_foundation_article_catalog
view	cx22073jw	v_static_art_asset_area_latest
view	cx22073jw	v_staticart_delivery_closeout_summary
view	cx22073jw	v_staticart_delivery_master_status
view	cx22073jw	v_staticart_exact_knowledge_transfer_blocks
view	cx22073jw	v_staticart_exact_knowledge_transfer_fields
view	cx22073jw	v_staticart_exact_knowledge_transfer_rules
view	cx22073jw	v_staticart_final_handoff_package_summary
view	cx22073jw	v_staticart_fixed_contract_release_export_payload
view	cx22073jw	v_staticart_fixed_contract_release_export_top_level
view	cx22073jw	v_staticart_fixed_contract_release_keys
view	cx22073jw	v_staticart_fixed_contract_release_summary
view	cx22073jw	v_staticart_fixed_contract_release_targets
view	cx22073jw	v_staticart_handoff_export_batch_summary
view	cx22073jw	v_staticart_handoff_export_item_summary
view	cx22073jw	v_staticart_knowledge_pack_run_item_latest
view	cx22073jw	v_staticart_knowledge_pack_run_latest
view	cx22073jw	v_staticart_knowledge_pack_sample_registry_summary
view	cx22073jw	v_staticart_minimum_first_send_area_bindings
view	cx22073jw	v_staticart_minimum_first_send_contract_coverage
view	cx22073jw	v_staticart_minimum_first_send_field_bindings
view	cx22073jw	v_staticart_resume_pack_summary
view	cx22073jw	v_streaming_paid_video_offer_area_latest
view	cx22073jw	vw_aiemp_combat_roe_safety_context
view	cx22073jw	vw_aiemp_game_party_member_context
view	cx22073jw	vw_brain_knowledge_unit_runtime_material_v1
view	cx22073jw	vw_brain_source_object_discovery_backlog_v1
view	cx22073jw	vw_brain_source_object_ingestion_catalog_status_v1
view	cx22073jw	vw_brain_source_object_ingestion_summary_v1
view	cx22073jw	vw_brain_source_object_inventory_v1
view	cx22073jw	vw_brain_source_object_lane03_mapping_status_v1
view	cx22073jw	vw_brain_source_object_lane03_remaining_backlog_v1
view	cx22073jw	vw_brain_source_object_mapping_proposal_v1
view	cx22073jw	vw_earth_history_detail_reference_v1
view	cx22073jw	vw_earth_history_knowledge_reference_v1
view	cx22073jw	vw_foundation_knowledge_material_v1
view	cx22073jw	vw_robot_model_earth_history_detail_reference_v1
view	cx22073jw	vw_robot_model_foundation_material_reference_v1
view	cx22073jw	vw_robot_role_earth_history_reference_v1
view	cx22073jw	vw_robot_role_foundation_material_reference_v1
view	cx22073jw	vw_robot_role_safety_boundary_v1
view	cx22073jw	vw_topic_material_catalog
view	cx22073jw	vw_topic_material_summary
