PASS	GIT_TOP_RESOLVED	/data/data/com.termux/files/home/03.civilization-development
PASS	APP_REL_RESOLVED	11.aiworker-os/runtime-execution-http-api
PASS	PREV_R1_CACHED_NAMES_CAPTURED	PREV_R1_CACHED_COUNT=3 PREV_R1_ROOT_PREFIX_COUNT=3
PASS	READINESS_READY	READY_FOR_USER_GO_COMMIT_PUSH
PASS	TARGET_FILE_EXISTS	lib/knowledge-domain-brain/helpdesk-provider.mjs
PASS	TARGET_FILE_EXISTS	lib/knowledge-domain-brain/index.mjs
PASS	TARGET_FILE_EXISTS	lib/knowledge-domain-brain/kdb-runtime-context.mjs
PASS	CURRENT_BRANCH_OK	main
PASS	PARENT_COMMIT_CAPTURED	bd3a6077e6453e20363e471cc211aa3faacecb3e
PASS	TARGET_MAIN_INDEX_RESET_OK	RESET_TARGET_STATUS=0
PASS	TARGET_STATUS_PRESENT	BEFORE_TARGET_STATUS_COUNT=3
PASS	MAIN_INDEX_NO_EXISTING_STAGED_FILES	BEFORE_MAIN_CACHED_COUNT=0
PASS	SERVER_JS_NO_DIFF	SERVER_DIFF_COUNT=0
PASS	NODE_CHECK_PASS	lib/knowledge-domain-brain/helpdesk-provider.mjs
PASS	NODE_CHECK_PASS	lib/knowledge-domain-brain/index.mjs
PASS	NODE_CHECK_PASS	lib/knowledge-domain-brain/kdb-runtime-context.mjs
PASS	DYNAMIC_IMPORT_PASS	/data/data/com.termux/files/home/01.civilization-system/11.aiworker-os/knowledge-domain-brain/900.meta/20260519_204926_kdb_helpdesk_commit_push_target_only_root_relative_r2/051_dynamic_import.out
PASS	PROVIDER_HAS_NO_DIRECT_DB_DEPENDENCY	PROVIDER_FORBIDDEN_COUNT=0
PASS	INDEX_EXPORT_PRESENT	INDEX_EXPORT_COUNT=1
PASS	RUNTIME_HELPDESK_SIGNALS_PRESENT	RUNTIME_HELPDESK_SIGNAL_COUNT=28
PASS	ISO_READ_TREE_OK	bd3a6077e6453e20363e471cc211aa3faacecb3e
PASS	ISO_ADD_TARGETS_OK	ISO_ADD_STATUS=0
PASS	ISO_CACHED_CHANGES_PRESENT	ISO_CACHED_COUNT=3
PASS	ISO_CACHED_SCOPE_TARGET_ONLY	ISO_CACHED_FORBIDDEN_COUNT=0
PASS	WRITE_TREE_OK	6ac063b48b581ea062f2df1cbaa382d0a4f31a0c
PASS	COMMIT_TREE_OK	e84801c3800eac1d6b3797d4df1dad4524047d9b
PASS	UPDATE_REF_OK	main -> e84801c3800eac1d6b3797d4df1dad4524047d9b
PASS	GIT_PUSH_OK	origin/main
PASS	TARGET_STATUS_CLEAN_AFTER_COMMIT	AFTER_TARGET_STATUS_COUNT=0
PASS	SECRET_SCAN_STRONG_COUNT_ZERO	SECRET_STRONG_COUNT=0
