PASS	APP_ROOT_EXISTS	/data/data/com.termux/files/home/03.civilization-development/11.aiworker-os/runtime-execution-http-api
PASS	TARGET_FILE_EXISTS	lib/knowledge-domain-brain/helpdesk-provider.mjs
PASS	TARGET_FILE_EXISTS	lib/knowledge-domain-brain/index.mjs
PASS	TARGET_FILE_EXISTS	lib/knowledge-domain-brain/kdb-runtime-context.mjs
PASS	EVIDENCE_STATUS_OK_R3_PATCH	WARN_KDB_HELPDESK_RUNTIME_WIRING_PATCH_R3
PASS	EVIDENCE_STATUS_OK_SECRET_CLASS	PASS_KDB_HELPDESK_R3_SECRET_WARNING_CLASSIFICATION_NO_PATCH
PASS	EVIDENCE_STATUS_OK_CONTRACT_DUMP	PASS_KDB_HELPDESK_PROVIDER_CONTRACT_EXACT_DUMP_NO_PATCH_NO_DB
PASS	EVIDENCE_STATUS_OK_CONTRACT_HARNESS_R1	PASS_KDB_HELPDESK_RUNTIME_QUERY_DEPENDENCY_CONTRACT_HARNESS_R1_NO_PATCH_NO_DB
PASS	ROLLBACK_SCRIPT_EXISTS	/data/data/com.termux/files/home/01.civilization-system/11.aiworker-os/knowledge-domain-brain/900.meta/20260519_114434_kdb_helpdesk_runtime_wiring_patch_r3/900_rollback.sh
PASS	TARGET_STATUS_COUNT_THREE	GIT_STATUS_TARGET_COUNT=3
PASS	TARGET_DIFF_PRESENT	GIT_DIFF_NAME_TARGET_COUNT=2
PASS	SERVER_JS_NO_DIFF	SERVER_DIFF_COUNT=0
PASS	NODE_CHECK_PASS	lib/knowledge-domain-brain/helpdesk-provider.mjs
PASS	NODE_CHECK_PASS	lib/knowledge-domain-brain/index.mjs
PASS	NODE_CHECK_PASS	lib/knowledge-domain-brain/kdb-runtime-context.mjs
PASS	DYNAMIC_IMPORT_PASS	/data/data/com.termux/files/home/01.civilization-system/11.aiworker-os/knowledge-domain-brain/900.meta/20260519_174216_kdb_helpdesk_commit_readiness_review_no_push/041_dynamic_import_targets.out
PASS	PROVIDER_HAS_NO_DIRECT_DB_DEPENDENCY	PROVIDER_FORBIDDEN_COUNT=0
PASS	INDEX_EXPORT_PRESENT	INDEX_EXPORT_COUNT=1
PASS	RUNTIME_HELPDESK_SIGNALS_PRESENT	RUNTIME_HELPDESK_SIGNAL_COUNT=28
PASS	EVIDENCE_SUMMARY_CREATED	/data/data/com.termux/files/home/01.civilization-system/11.aiworker-os/knowledge-domain-brain/900.meta/20260519_174216_kdb_helpdesk_commit_readiness_review_no_push/050_evidence_summary.md
PASS	COMMIT_PLAN_NOT_EXECUTED_CREATED	/data/data/com.termux/files/home/01.civilization-system/11.aiworker-os/knowledge-domain-brain/900.meta/20260519_174216_kdb_helpdesk_commit_readiness_review_no_push/060_commit_plan_NOT_EXECUTED.md
PASS	SECRET_SCAN_STRONG_COUNT_ZERO	SECRET_STRONG_COUNT=0
